,pn,Footprint,Description,Tags,Footprint_Filter,Datasheet
Inductor_Wurth_WE-HCF:2010_7443642010100,2010_7443642010100,Inductor_SMD_Wurth:L_Wurth_WE-HCF-2010,,SMT,*WE-HCF*2010*,https://www.we-online.com/catalog/datasheet/7443642010100.pdf?ki
Inductor_Wurth_WE-HCF:2010_7443642010120,2010_7443642010120,Inductor_SMD_Wurth:L_Wurth_WE-HCF-2010,,SMT,*WE-HCF*2010*,https://www.we-online.com/catalog/datasheet/7443642010120.pdf?ki
Inductor_Wurth_WE-HCF:2010_7443642010200,2010_7443642010200,Inductor_SMD_Wurth:L_Wurth_WE-HCF-2010,,SMT,*WE-HCF*2010*,https://www.we-online.com/catalog/datasheet/7443642010200.pdf?ki
Inductor_Wurth_WE-HCF:2013_7443630070,2013_7443630070,Inductor_SMD_Wurth:L_Wurth_WE-HCF-2013,,SMT,*WE-HCF*2013*,https://www.we-online.com/catalog/datasheet/7443630070.pdf?ki
Inductor_Wurth_WE-HCF:2013_7443630140,2013_7443630140,Inductor_SMD_Wurth:L_Wurth_WE-HCF-2013,,SMT,*WE-HCF*2013*,https://www.we-online.com/catalog/datasheet/7443630140.pdf?ki
Inductor_Wurth_WE-HCF:2013_7443630220,2013_7443630220,Inductor_SMD_Wurth:L_Wurth_WE-HCF-2013,,SMT,*WE-HCF*2013*,https://www.we-online.com/catalog/datasheet/7443630220.pdf?ki
Inductor_Wurth_WE-HCF:2013_7443630310,2013_7443630310,Inductor_SMD_Wurth:L_Wurth_WE-HCF-2013,,SMT,*WE-HCF*2013*,https://www.we-online.com/catalog/datasheet/7443630310.pdf?ki
Inductor_Wurth_WE-HCF:2013_7443630420,2013_7443630420,Inductor_SMD_Wurth:L_Wurth_WE-HCF-2013,,SMT,*WE-HCF*2013*,https://www.we-online.com/catalog/datasheet/7443630420.pdf?ki
Inductor_Wurth_WE-HCF:2013_7443630550,2013_7443630550,Inductor_SMD_Wurth:L_Wurth_WE-HCF-2013,,SMT,*WE-HCF*2013*,https://www.we-online.com/catalog/datasheet/7443630550.pdf?ki
Inductor_Wurth_WE-HCF:2013_7443630700,2013_7443630700,Inductor_SMD_Wurth:L_Wurth_WE-HCF-2013,,SMT,*WE-HCF*2013*,https://www.we-online.com/catalog/datasheet/7443630700.pdf?ki
Inductor_Wurth_WE-HCF:2013_7443630860,2013_7443630860,Inductor_SMD_Wurth:L_Wurth_WE-HCF-2013,,SMT,*WE-HCF*2013*,https://www.we-online.com/catalog/datasheet/7443630860.pdf?ki
Inductor_Wurth_WE-HCF:2013_7443631000,2013_7443631000,Inductor_SMD_Wurth:L_Wurth_WE-HCF-2013,,SMT,*WE-HCF*2013*,https://www.we-online.com/catalog/datasheet/7443631000.pdf?ki
Inductor_Wurth_WE-HCF:2013_7443631500,2013_7443631500,Inductor_SMD_Wurth:L_Wurth_WE-HCF-2013,,SMT,*WE-HCF*2013*,https://www.we-online.com/catalog/datasheet/7443631500.pdf?ki
Inductor_Wurth_WE-HCF:2013_7443632200,2013_7443632200,Inductor_SMD_Wurth:L_Wurth_WE-HCF-2013,,SMT,*WE-HCF*2013*,https://www.we-online.com/catalog/datasheet/7443632200.pdf?ki
Inductor_Wurth_WE-HCF:2013_7443633300,2013_7443633300,Inductor_SMD_Wurth:L_Wurth_WE-HCF-2013,,SMT,*WE-HCF*2013*,https://www.we-online.com/catalog/datasheet/7443633300.pdf?ki
Inductor_Wurth_WE-HCF:2013_7443634700,2013_7443634700,Inductor_SMD_Wurth:L_Wurth_WE-HCF-2013,,SMT,*WE-HCF*2013*,https://www.we-online.com/catalog/datasheet/7443634700.pdf?ki
Inductor_Wurth_WE-HCF:2815_74436410150,2815_74436410150,Inductor_SMD_Wurth:L_Wurth_WE-HCF-2815,,SMT,*WE-HCF*2815*,https://www.we-online.com/catalog/datasheet/74436410150.pdf?ki
Inductor_Wurth_WE-HCF:2815_74436410220,2815_74436410220,Inductor_SMD_Wurth:L_Wurth_WE-HCF-2815,,SMT,*WE-HCF*2815*,https://www.we-online.com/catalog/datasheet/74436410220.pdf?ki
Inductor_Wurth_WE-HCF:2815_74436410330,2815_74436410330,Inductor_SMD_Wurth:L_Wurth_WE-HCF-2815,,SMT,*WE-HCF*2815*,https://www.we-online.com/catalog/datasheet/74436410330.pdf?ki
Inductor_Wurth_WE-HCF:2815_74436410470,2815_74436410470,Inductor_SMD_Wurth:L_Wurth_WE-HCF-2815,,SMT,*WE-HCF*2815*,https://www.we-online.com/catalog/datasheet/74436410470.pdf?ki
Inductor_Wurth_WE-HCF:2815_74436410680,2815_74436410680,Inductor_SMD_Wurth:L_Wurth_WE-HCF-2815,,SMT,*WE-HCF*2815*,https://www.we-online.com/catalog/datasheet/74436410680.pdf?ki
Inductor_Wurth_WE-HCF:2815_74436411000,2815_74436411000,Inductor_SMD_Wurth:L_Wurth_WE-HCF-2815,,SMT,*WE-HCF*2815*,https://www.we-online.com/catalog/datasheet/74436411000.pdf?ki
Inductor_Wurth_WE-HCF:2815_74436411500,2815_74436411500,Inductor_SMD_Wurth:L_Wurth_WE-HCF-2815,,SMT,*WE-HCF*2815*,https://www.we-online.com/catalog/datasheet/74436411500.pdf?ki
Inductor_Wurth_WE-HCF:2815_74436412200,2815_74436412200,Inductor_SMD_Wurth:L_Wurth_WE-HCF-2815,,SMT,*WE-HCF*2815*,https://www.we-online.com/catalog/datasheet/74436412200.pdf?ki
Inductor_Wurth_WE-HCF:2815_74436413300,2815_74436413300,Inductor_SMD_Wurth:L_Wurth_WE-HCF-2815,,SMT,*WE-HCF*2815*,https://www.we-online.com/catalog/datasheet/74436413300.pdf?ki
Inductor_Wurth_WE-HCF:2818B_7443640100B,2818B_7443640100B,Inductor_SMD_Wurth:L_Wurth_WE-HCF-2818B,,SMT,*WE-HCF*2818B*,https://www.we-online.com/catalog/datasheet/7443640100B.pdf?ki
Inductor_Wurth_WE-HCF:2818B_7443640150B,2818B_7443640150B,Inductor_SMD_Wurth:L_Wurth_WE-HCF-2818B,,SMT,*WE-HCF*2818B*,https://www.we-online.com/catalog/datasheet/7443640150B.pdf?ki
Inductor_Wurth_WE-HCF:2818B_7443640330B,2818B_7443640330B,Inductor_SMD_Wurth:L_Wurth_WE-HCF-2818B,,SMT,*WE-HCF*2818B*,https://www.we-online.com/catalog/datasheet/7443640330B.pdf?ki
Inductor_Wurth_WE-HCF:2818B_7443640470B,2818B_7443640470B,Inductor_SMD_Wurth:L_Wurth_WE-HCF-2818B,,SMT,*WE-HCF*2818B*,https://www.we-online.com/catalog/datasheet/7443640470B.pdf?ki
Inductor_Wurth_WE-HCF:2818B_7443640680B,2818B_7443640680B,Inductor_SMD_Wurth:L_Wurth_WE-HCF-2818B,,SMT,*WE-HCF*2818B*,https://www.we-online.com/catalog/datasheet/7443640680B.pdf?ki
Inductor_Wurth_WE-HCF:2818B_7443641000B,2818B_7443641000B,Inductor_SMD_Wurth:L_Wurth_WE-HCF-2818B,,SMT,*WE-HCF*2818B*,https://www.we-online.com/catalog/datasheet/7443641000B.pdf?ki
Inductor_Wurth_WE-HCF:2818_7443640330,2818_7443640330,Inductor_SMD_Wurth:L_Wurth_WE-HCF-2818,,SMT,*WE-HCF*2818*,https://www.we-online.com/catalog/datasheet/7443640330.pdf?ki
Inductor_Wurth_WE-HCF:2818_7443640470,2818_7443640470,Inductor_SMD_Wurth:L_Wurth_WE-HCF-2818,,SMT,*WE-HCF*2818*,https://www.we-online.com/catalog/datasheet/7443640470.pdf?ki
Inductor_Wurth_WE-HCF:2818_7443640680,2818_7443640680,Inductor_SMD_Wurth:L_Wurth_WE-HCF-2818,,SMT,*WE-HCF*2818*,https://www.we-online.com/catalog/datasheet/7443640680.pdf?ki
Inductor_Wurth_WE-HCF:2818_7443641000,2818_7443641000,Inductor_SMD_Wurth:L_Wurth_WE-HCF-2818,,SMT,*WE-HCF*2818*,https://www.we-online.com/catalog/datasheet/7443641000.pdf?ki
Inductor_Wurth_WE-HCF:2818_7443641500,2818_7443641500,Inductor_SMD_Wurth:L_Wurth_WE-HCF-2818,,SMT,*WE-HCF*2818*,https://www.we-online.com/catalog/datasheet/7443641500.pdf?ki
Inductor_Wurth_WE-HCF:2818_7443642200,2818_7443642200,Inductor_SMD_Wurth:L_Wurth_WE-HCF-2818,,SMT,*WE-HCF*2818*,https://www.we-online.com/catalog/datasheet/7443642200.pdf?ki
Inductor_Wurth_WE-HCF:2818_7443643300,2818_7443643300,Inductor_SMD_Wurth:L_Wurth_WE-HCF-2818,,SMT,*WE-HCF*2818*,https://www.we-online.com/catalog/datasheet/7443643300.pdf?ki
Inductor_Wurth_WE-HCF:2920litzwire_74437429203101,2920litzwire_74437429203101,Inductor_SMD_Wurth:L_Wurth_WE-HCF-2920litzwire,,SMT,*WE-HCF*2920litzwire*,https://www.we-online.com/catalog/datasheet/74437429203101.pdf?ki
Inductor_Wurth_WE-HCF:2920litzwire_74437429203151,2920litzwire_74437429203151,Inductor_SMD_Wurth:L_Wurth_WE-HCF-2920litzwire,,SMT,*WE-HCF*2920litzwire*,https://www.we-online.com/catalog/datasheet/74437429203151.pdf?ki
Inductor_Wurth_WE-HCF:2920litzwire_74437429203330,2920litzwire_74437429203330,Inductor_SMD_Wurth:L_Wurth_WE-HCF-2920litzwire,,SMT,*WE-HCF*2920litzwire*,https://www.we-online.com/catalog/datasheet/74437429203330.pdf?ki
Inductor_Wurth_WE-HCF:2920litzwire_74437429203470,2920litzwire_74437429203470,Inductor_SMD_Wurth:L_Wurth_WE-HCF-2920litzwire,,SMT,*WE-HCF*2920litzwire*,https://www.we-online.com/catalog/datasheet/74437429203470.pdf?ki
Inductor_Wurth_WE-HCF:2920litzwire_74437429203680,2920litzwire_74437429203680,Inductor_SMD_Wurth:L_Wurth_WE-HCF-2920litzwire,,SMT,*WE-HCF*2920litzwire*,https://www.we-online.com/catalog/datasheet/74437429203680.pdf?ki
Inductor_Wurth_WE-HCF:2920roundwire_74437529203101,2920roundwire_74437529203101,Inductor_SMD_Wurth:L_Wurth_WE-HCF-2920roundwire,,SMT,*WE-HCF*2920roundwire*,https://www.we-online.com/catalog/datasheet/74437529203101.pdf?ki
Inductor_Wurth_WE-HCF:2920roundwire_74437529203151,2920roundwire_74437529203151,Inductor_SMD_Wurth:L_Wurth_WE-HCF-2920roundwire,,SMT,*WE-HCF*2920roundwire*,https://www.we-online.com/catalog/datasheet/74437529203151.pdf?ki
Inductor_Wurth_WE-HCF:2920roundwire_74437529203220,2920roundwire_74437529203220,Inductor_SMD_Wurth:L_Wurth_WE-HCF-2920roundwire,,SMT,*WE-HCF*2920roundwire*,https://www.we-online.com/catalog/datasheet/74437529203220.pdf?ki
Inductor_Wurth_WE-HCF:2920roundwire_74437529203221,2920roundwire_74437529203221,Inductor_SMD_Wurth:L_Wurth_WE-HCF-2920roundwire,,SMT,*WE-HCF*2920roundwire*,https://www.we-online.com/catalog/datasheet/74437529203221.pdf?ki
Inductor_Wurth_WE-HCF:2920roundwire_74437529203330,2920roundwire_74437529203330,Inductor_SMD_Wurth:L_Wurth_WE-HCF-2920roundwire,,SMT,*WE-HCF*2920roundwire*,https://www.we-online.com/catalog/datasheet/74437529203330.pdf?ki
Inductor_Wurth_WE-HCF:2920roundwire_74437529203331,2920roundwire_74437529203331,Inductor_SMD_Wurth:L_Wurth_WE-HCF-2920roundwire,,SMT,*WE-HCF*2920roundwire*,https://www.we-online.com/catalog/datasheet/74437529203331.pdf?ki
Inductor_Wurth_WE-HCF:2920roundwire_74437529203470,2920roundwire_74437529203470,Inductor_SMD_Wurth:L_Wurth_WE-HCF-2920roundwire,,SMT,*WE-HCF*2920roundwire*,https://www.we-online.com/catalog/datasheet/74437529203470.pdf?ki
Inductor_Wurth_WE-HCF:2920roundwire_74437529203471,2920roundwire_74437529203471,Inductor_SMD_Wurth:L_Wurth_WE-HCF-2920roundwire,,SMT,*WE-HCF*2920roundwire*,https://www.we-online.com/catalog/datasheet/74437529203471.pdf?ki
Inductor_Wurth_WE-HCF:2920roundwire_74437529203680,2920roundwire_74437529203680,Inductor_SMD_Wurth:L_Wurth_WE-HCF-2920roundwire,,SMT,*WE-HCF*2920roundwire*,https://www.we-online.com/catalog/datasheet/74437529203680.pdf?ki
Inductor_Wurth_WE-HCF:2920roundwire_74437529203681,2920roundwire_74437529203681,Inductor_SMD_Wurth:L_Wurth_WE-HCF-2920roundwire,,SMT,*WE-HCF*2920roundwire*,https://www.we-online.com/catalog/datasheet/74437529203681.pdf?ki
