KeyId,MyPN,Name,Description,Symbol,Category,Subcategory,Family,Value,Value2,Inductance,Tolerance,DC_Resistance,Rated_Current,Rated_Voltage,Saturation_Current,Self_Resonant_Frequency,Quality_Factor_Q,Lead_Spacing,Core_Shape,Test_Frequency,Type,Core_Material,Shielding,Winding_Type,Package,Footprint,Footprint_Filter,Dimensions,Length,Width,Height,Weight,Termination,Terminal_Type,Mount,Min_Temp,Max_Temp,Operating_Temp,Temp_Rise,Reflow_Profile,MSL_Rating,Application,Datasheet,RoHS_Compliant,REACH_Compliant,Halogen_Free,Manufacturer,Manufacturer_PN,Series,LCSC_PN,LCSC_URL,Mouser_PN,Mouser_URL,Digikey_PN,Digikey_URL,Farnell_PN,TME_PN,Alternative_PN,Internal_Code,StockQty,Min_Stock,Max_Stock,StockPlace,Stock_Unit,Reel_Size,Tape_Width,Price,Currency,Last_Purchase_Date,Last_Purchase_Price,Supplier,Active,Notes,Tags,CreatedBy,CreatedAt,ModifiedBy,ModifiedAt,Exclude_from_BOM,Exclude_from_Board
,EL-IND-010101,IND_POWER_0.33uH_6.2A_0R0073_SHIELDED_DR73,Power Inductor 0.33µH 6.2A Shielded 7.3x7.3mm (Eaton DR73),MyLib_Inductor:L,Inductors,,Power_SMD,0.33µH,,0.33µH,±20%,0.0073Ω,6.2A,,14.4A,,,,,,,Ferrite,Shielded,,DR73,MyLib_Inductor_SMD:L_7.3x7.3_H4.5,DR73,7.3x7.3x3.8mm,7.3mm,7.3mm,3.8mm,,,,SMD,,,-40°C to +125°C,,,,,,1,,,Eaton,DR73-R33-R,DR73,,,,,,,,,,,,,,,piece,13,8mm,,USD,,,,1,,,,2026-02-01 03:42:10,,,0,0
,EL-IND-010102,IND_POWER_1.0uH_5.28A_0R0102_SHIELDED_DR73,Power Inductor 1.0µH 5.28A Shielded 7.3x7.3mm (Eaton DR73),MyLib_Inductor:L,Inductors,,Power_SMD,1.0µH,,1.0µH,±20%,0.0102Ω,5.28A,,7.97A,,,,,,,Ferrite,Shielded,,DR73,MyLib_Inductor_SMD:L_7.3x7.3_H4.5,DR73,7.3x7.3x3.8mm,7.3mm,7.3mm,3.8mm,,,,SMD,,,-40°C to +125°C,,,,,,1,,,Eaton,DR73-1R0-R,DR73,,,,,,,,,,,,,,,piece,13,8mm,,USD,,,,1,,,,2026-02-01 03:42:10,,,0,0
,EL-IND-010103,IND_POWER_1.5uH_4.67A_0R0130_SHIELDED_DR73,Power Inductor 1.5µH 4.67A Shielded 7.3x7.3mm (Eaton DR73),MyLib_Inductor:L,Inductors,,Power_SMD,1.5µH,,1.5µH,±20%,0.0130Ω,4.67A,,6.52A,,,,,,,Ferrite,Shielded,,DR73,MyLib_Inductor_SMD:L_7.3x7.3_H4.5,DR73,7.3x7.3x3.8mm,7.3mm,7.3mm,3.8mm,,,,SMD,,,-40°C to +125°C,,,,,,1,,,Eaton,DR73-1R5-R,DR73,,,,,,,,,,,,,,,piece,13,8mm,,USD,,,,1,,,,2026-02-01 03:42:10,,,0,0
,EL-IND-010104,IND_POWER_2.2uH_4.15A_0R0165_SHIELDED_DR73,Power Inductor 2.2µH 4.15A Shielded 7.3x7.3mm (Eaton DR73),MyLib_Inductor:L,Inductors,,Power_SMD,2.2µH,,2.2µH,±20%,0.0165Ω,4.15A,,5.52A,,,,,,,Ferrite,Shielded,,DR73,MyLib_Inductor_SMD:L_7.3x7.3_H4.5,DR73,7.3x7.3x3.8mm,7.3mm,7.3mm,3.8mm,,,,SMD,,,-40°C to +125°C,,,,,,1,,,Eaton,DR73-2R2-R,DR73,,,,,,,,,,,,,,,piece,13,8mm,,USD,,,,1,,,,2026-02-01 03:42:10,,,0,0
,EL-IND-010105,IND_POWER_3.3uH_3.31A_0R0259_SHIELDED_DR73,Power Inductor 3.3µH 3.31A Shielded 7.3x7.3mm (Eaton DR73),MyLib_Inductor:L,Inductors,,Power_SMD,3.3µH,,3.3µH,±20%,0.0259Ω,3.31A,,4.22A,,,,,,,Ferrite,Shielded,,DR73,MyLib_Inductor_SMD:L_7.3x7.3_H4.5,DR73,7.3x7.3x3.8mm,7.3mm,7.3mm,3.8mm,,,,SMD,,,-40°C to +125°C,,,,,,1,,,Eaton,DR73-3R3-R,DR73,,,,,,,,,,,,,,,piece,13,8mm,,USD,,,,1,,,,2026-02-01 03:42:10,,,0,0
,EL-IND-010106,IND_POWER_4.7uH_3.09A_0R0297_SHIELDED_DR73,Power Inductor 4.7µH 3.09A Shielded 7.3x7.3mm (Eaton DR73),MyLib_Inductor:L,Inductors,,Power_SMD,4.7µH,,4.7µH,±20%,0.0297Ω,3.09A,,3.78A,,,,,,,Ferrite,Shielded,,DR73,MyLib_Inductor_SMD:L_7.3x7.3_H4.5,DR73,7.3x7.3x3.8mm,7.3mm,7.3mm,3.8mm,,,,SMD,,,-40°C to +125°C,,,,,,1,,,Eaton,DR73-4R7-R,DR73,,,,,,,,,,,,,,,piece,13,8mm,,USD,,,,1,,,,2026-02-01 03:42:10,,,0,0
,EL-IND-010107,IND_POWER_6.8uH_2.55A_0R0435_SHIELDED_DR73,Power Inductor 6.8µH 2.55A Shielded 7.3x7.3mm (Eaton DR73),MyLib_Inductor:L,Inductors,,Power_SMD,6.8µH,,6.8µH,±20%,0.0435Ω,2.55A,,3.12A,,,,,,,Ferrite,Shielded,,DR73,MyLib_Inductor_SMD:L_7.3x7.3_H4.5,DR73,7.3x7.3x3.8mm,7.3mm,7.3mm,3.8mm,,,,SMD,,,-40°C to +125°C,,,,,,1,,,Eaton,DR73-6R8-R,DR73,,,,,,,,,,,,,,,piece,13,8mm,,USD,,,,1,,,,2026-02-01 03:42:10,,,0,0
,EL-IND-010108,IND_POWER_8.2uH_2.19A_0R0592_SHIELDED_DR73,Power Inductor 8.2µH 2.19A Shielded 7.3x7.3mm (Eaton DR73),MyLib_Inductor:L,Inductors,,Power_SMD,8.2µH,,8.2µH,±20%,0.0592Ω,2.19A,,2.66A,,,,,,,Ferrite,Shielded,,DR73,MyLib_Inductor_SMD:L_7.3x7.3_H4.5,DR73,7.3x7.3x3.8mm,7.3mm,7.3mm,3.8mm,,,,SMD,,,-40°C to +125°C,,,,,,1,,,Eaton,DR73-8R2-R,DR73,,,,,,,,,,,,,,,piece,13,8mm,,USD,,,,1,,,,2026-02-01 03:42:10,,,0,0
,EL-IND-010109,IND_POWER_10uH_2.08A_0R0656_SHIELDED_DR73,Power Inductor 10µH 2.08A Shielded 7.3x7.3mm (Eaton DR73),MyLib_Inductor:L,Inductors,,Power_SMD,10µH,,10µH,±20%,0.0656Ω,2.08A,,2.47A,,,,,,,Ferrite,Shielded,,DR73,MyLib_Inductor_SMD:L_7.3x7.3_H4.5,DR73,7.3x7.3x3.8mm,7.3mm,7.3mm,3.8mm,,,,SMD,,,-40°C to +125°C,,,,,,1,,,Eaton,DR73-100-R,DR73,,,,,,,,,,,,,,,piece,13,8mm,,USD,,,,1,,,,2026-02-01 03:42:10,,,0,0
,EL-IND-010110,IND_POWER_15uH_1.83A_0R0844_SHIELDED_DR73,Power Inductor 15µH 1.83A Shielded 7.3x7.3mm (Eaton DR73),MyLib_Inductor:L,Inductors,,Power_SMD,15µH,,15µH,±20%,0.0844Ω,1.83A,,2.05A,,,,,,,Ferrite,Shielded,,DR73,MyLib_Inductor_SMD:L_7.3x7.3_H4.5,DR73,7.3x7.3x3.8mm,7.3mm,7.3mm,3.8mm,,,,SMD,,,-40°C to +125°C,,,,,,1,,,Eaton,DR73-150-R,DR73,,,,,,,,,,,,,,,piece,13,8mm,,USD,,,,1,,,,2026-02-01 03:42:10,,,0,0
,EL-IND-010111,IND_POWER_22uH_1.62A_0R107_SHIELDED_DR73,Power Inductor 22µH 1.62A Shielded 7.3x7.3mm (Eaton DR73),MyLib_Inductor:L,Inductors,,Power_SMD,22µH,,22µH,±20%,0.107Ω,1.62A,,1.67A,,,,,,,Ferrite,Shielded,,DR73,MyLib_Inductor_SMD:L_7.3x7.3_H4.5,DR73,7.3x7.3x3.8mm,7.3mm,7.3mm,3.8mm,,,,SMD,,,-40°C to +125°C,,,,,,1,,,Eaton,DR73-220-R,DR73,,,,,,,,,,,,,,,piece,13,8mm,,USD,,,,1,,,,2026-02-01 03:42:10,,,0,0
,EL-IND-010112,IND_POWER_33uH_1.31A_0R166_SHIELDED_DR73,Power Inductor 33µH 1.31A Shielded 7.3x7.3mm (Eaton DR73),MyLib_Inductor:L,Inductors,,Power_SMD,33µH,,33µH,±20%,0.166Ω,1.31A,,1.35A,,,,,,,Ferrite,Shielded,,DR73,MyLib_Inductor_SMD:L_7.3x7.3_H4.5,DR73,7.3x7.3x3.8mm,7.3mm,7.3mm,3.8mm,,,,SMD,,,-40°C to +125°C,,,,,,1,,,Eaton,DR73-330-R,DR73,,,,,,,,,,,,,,,piece,13,8mm,,USD,,,,1,,,,2026-02-01 03:42:10,,,0,0
,EL-IND-010113,IND_POWER_47uH_1.08A_0R241_SHIELDED_DR73,Power Inductor 47µH 1.08A Shielded 7.3x7.3mm (Eaton DR73),MyLib_Inductor:L,Inductors,,Power_SMD,47µH,,47µH,±20%,0.241Ω,1.08A,,1.14A,,,,,,,Ferrite,Shielded,,DR73,MyLib_Inductor_SMD:L_7.3x7.3_H4.5,DR73,7.3x7.3x3.8mm,7.3mm,7.3mm,3.8mm,,,,SMD,,,-40°C to +125°C,,,,,,1,,,Eaton,DR73-470-R,DR73,,,,,,,,,,,,,,,piece,13,8mm,,USD,,,,1,,,,2026-02-01 03:42:10,,,0,0
,EL-IND-010114,IND_POWER_68uH_0.89A_0R358_SHIELDED_DR73,Power Inductor 68µH 0.89A Shielded 7.3x7.3mm (Eaton DR73),MyLib_Inductor:L,Inductors,,Power_SMD,68µH,,68µH,±20%,0.358Ω,0.89A,,0.96A,,,,,,,Ferrite,Shielded,,DR73,MyLib_Inductor_SMD:L_7.3x7.3_H4.5,DR73,7.3x7.3x3.8mm,7.3mm,7.3mm,3.8mm,,,,SMD,,,-40°C to +125°C,,,,,,1,,,Eaton,DR73-680-R,DR73,,,,,,,,,,,,,,,piece,13,8mm,,USD,,,,1,,,,2026-02-01 03:42:10,,,0,0
,EL-IND-010115,IND_POWER_82uH_0.86A_0R384_SHIELDED_DR73,Power Inductor 82µH 0.86A Shielded 7.3x7.3mm (Eaton DR73),MyLib_Inductor:L,Inductors,,Power_SMD,82µH,,82µH,±20%,0.384Ω,0.86A,,0.89A,,,,,,,Ferrite,Shielded,,DR73,MyLib_Inductor_SMD:L_7.3x7.3_H4.5,DR73,7.3x7.3x3.8mm,7.3mm,7.3mm,3.8mm,,,,SMD,,,-40°C to +125°C,,,,,,1,,,Eaton,DR73-820-R,DR73,,,,,,,,,,,,,,,piece,13,8mm,,USD,,,,1,,,,2026-02-01 03:42:10,,,0,0
,EL-IND-010116,IND_POWER_100uH_0.73A_0R527_SHIELDED_DR73,Power Inductor 100µH 0.73A Shielded 7.3x7.3mm (Eaton DR73),MyLib_Inductor:L,Inductors,,Power_SMD,100µH,,100µH,±20%,0.527Ω,0.73A,,0.79A,,,,,,,Ferrite,Shielded,,DR73,MyLib_Inductor_SMD:L_7.3x7.3_H4.5,DR73,7.3x7.3x3.8mm,7.3mm,7.3mm,3.8mm,,,,SMD,,,-40°C to +125°C,,,,,,1,,,Eaton,DR73-101-R,DR73,,,,,,,,,,,,,,,piece,13,8mm,,USD,,,,1,,,,2026-02-01 03:42:10,,,0,0
,EL-IND-010117,IND_POWER_150uH_0.58A_0R851_SHIELDED_DR73,Power Inductor 150µH 0.58A Shielded 7.3x7.3mm (Eaton DR73),MyLib_Inductor:L,Inductors,,Power_SMD,150µH,,150µH,±20%,0.851Ω,0.58A,,0.65A,,,,,,,Ferrite,Shielded,,DR73,MyLib_Inductor_SMD:L_7.3x7.3_H4.5,DR73,7.3x7.3x3.8mm,7.3mm,7.3mm,3.8mm,,,,SMD,,,-40°C to +125°C,,,,,,1,,,Eaton,DR73-151-R,DR73,,,,,,,,,,,,,,,piece,13,8mm,,USD,,,,1,,,,2026-02-01 03:42:10,,,0,0
,EL-IND-010118,IND_POWER_220uH_0.52A_1R055_SHIELDED_DR73,Power Inductor 220µH 0.52A Shielded 7.3x7.3mm (Eaton DR73),MyLib_Inductor:L,Inductors,,Power_SMD,220µH,,220µH,±20%,1.055Ω,0.52A,,0.53A,,,,,,,Ferrite,Shielded,,DR73,MyLib_Inductor_SMD:L_7.3x7.3_H4.5,DR73,7.3x7.3x3.8mm,7.3mm,7.3mm,3.8mm,,,,SMD,,,-40°C to +125°C,,,,,,1,,,Eaton,DR73-221-R,DR73,,,,,,,,,,,,,,,piece,13,8mm,,USD,,,,1,,,,2026-02-01 03:42:10,,,0,0
,EL-IND-010119,IND_POWER_330uH_0.42A_1R596_SHIELDED_DR73,Power Inductor 330µH 0.42A Shielded 7.3x7.3mm (Eaton DR73),MyLib_Inductor:L,Inductors,,Power_SMD,330µH,,330µH,±20%,1.596Ω,0.42A,,0.44A,,,,,,,Ferrite,Shielded,,DR73,MyLib_Inductor_SMD:L_7.3x7.3_H4.5,DR73,7.3x7.3x3.8mm,7.3mm,7.3mm,3.8mm,,,,SMD,,,-40°C to +125°C,,,,,,1,,,Eaton,DR73-331-R,DR73,,,,,,,,,,,,,,,piece,13,8mm,,USD,,,,1,,,,2026-02-01 03:42:10,,,0,0
,EL-IND-010120,IND_POWER_470uH_0.35A_2R367_SHIELDED_DR73,Power Inductor 470µH 0.35A Shielded 7.3x7.3mm (Eaton DR73),MyLib_Inductor:L,Inductors,,Power_SMD,470µH,,470µH,±20%,2.367Ω,0.35A,,0.37A,,,,,,,Ferrite,Shielded,,DR73,MyLib_Inductor_SMD:L_7.3x7.3_H4.5,DR73,7.3x7.3x3.8mm,7.3mm,7.3mm,3.8mm,,,,SMD,,,-40°C to +125°C,,,,,,1,,,Eaton,DR73-471-R,DR73,,,,,,,,,,,,,,,piece,13,8mm,,USD,,,,1,,,,2026-02-01 03:42:10,,,0,0
,EL-IND-010121,IND_POWER_680uH_0.29A_3R479_SHIELDED_DR73,Power Inductor 680µH 0.29A Shielded 7.3x7.3mm (Eaton DR73),MyLib_Inductor:L,Inductors,,Power_SMD,680µH,,680µH,±20%,3.479Ω,0.29A,,0.31A,,,,,,,Ferrite,Shielded,,DR73,MyLib_Inductor_SMD:L_7.3x7.3_H4.5,DR73,7.3x7.3x3.8mm,7.3mm,7.3mm,3.8mm,,,,SMD,,,-40°C to +125°C,,,,,,1,,,Eaton,DR73-681-R,DR73,,,,,,,,,,,,,,,piece,13,8mm,,USD,,,,1,,,,2026-02-01 03:42:10,,,0,0
,EL-IND-010122,IND_POWER_820uH_0.27A_3R931_SHIELDED_DR73,Power Inductor 820µH 0.27A Shielded 7.3x7.3mm (Eaton DR73),MyLib_Inductor:L,Inductors,,Power_SMD,820µH,,820µH,±20%,3.931Ω,0.27A,,0.28A,,,,,,,Ferrite,Shielded,,DR73,MyLib_Inductor_SMD:L_7.3x7.3_H4.5,DR73,7.3x7.3x3.8mm,7.3mm,7.3mm,3.8mm,,,,SMD,,,-40°C to +125°C,,,,,,1,,,Eaton,DR73-821-R,DR73,,,,,,,,,,,,,,,piece,13,8mm,,USD,,,,1,,,,2026-02-01 03:42:10,,,0,0
,EL-IND-010123,IND_POWER_1000uH_0.26A_4R341_SHIELDED_DR73,Power Inductor 1000µH 0.26A Shielded 7.3x7.3mm (Eaton DR73),MyLib_Inductor:L,Inductors,,Power_SMD,1000µH,,1000µH,±20%,4.341Ω,0.26A,,0.25A,,,,,,,Ferrite,Shielded,,DR73,MyLib_Inductor_SMD:L_7.3x7.3_H4.5,DR73,7.3x7.3x3.8mm,7.3mm,7.3mm,3.8mm,,,,SMD,,,-40°C to +125°C,,,,,,1,,,Eaton,DR73-102-R,DR73,,,,,,,,,,,,,,,piece,13,8mm,,USD,,,,1,,,,2026-02-01 03:42:10,,,0,0
,EL-IND-010201,IND_POWER_0.33uH_6.26A_0R0074_SHIELDED_DR74,Power Inductor 0.33µH 6.26A Shielded 7.3x7.3mm (Eaton DR74),MyLib_Inductor:L,Inductors,,Power_SMD,0.33µH,,0.33µH,±20%,0.0074Ω,6.26A,,18.4A,,,,,,,Ferrite,Shielded,,DR74,MyLib_Inductor_SMD:L_7.3x7.3_H4.5,DR74,7.3x7.3x4.1mm,7.3mm,7.3mm,4.1mm,,,,SMD,,,-40°C to +125°C,,,,,,1,,,Eaton,DR74-R33-R,DR74,,,,,,,,,,,,,,,piece,13,8mm,,USD,,,,1,,,,2026-02-01 03:42:10,,,0,0
,EL-IND-010202,IND_POWER_1.0uH_5.39A_0R0099_SHIELDED_DR74,Power Inductor 1.0µH 5.39A Shielded 7.3x7.3mm (Eaton DR74),MyLib_Inductor:L,Inductors,,Power_SMD,1.0µH,,1.0µH,±20%,0.0099Ω,5.39A,,10.2A,,,,,,,Ferrite,Shielded,,DR74,MyLib_Inductor_SMD:L_7.3x7.3_H4.5,DR74,7.3x7.3x4.1mm,7.3mm,7.3mm,4.1mm,,,,SMD,,,-40°C to +125°C,,,,,,1,,,Eaton,DR74-1R0-R,DR74,,,,,,,,,,,,,,,piece,13,8mm,,USD,,,,1,,,,2026-02-01 03:42:10,,,0,0
,EL-IND-010203,IND_POWER_1.5uH_4.94A_0R0118_SHIELDED_DR74,Power Inductor 1.5µH 4.94A Shielded 7.3x7.3mm (Eaton DR74),MyLib_Inductor:L,Inductors,,Power_SMD,1.5µH,,1.5µH,±20%,0.0118Ω,4.94A,,8.35A,,,,,,,Ferrite,Shielded,,DR74,MyLib_Inductor_SMD:L_7.3x7.3_H4.5,DR74,7.3x7.3x4.1mm,7.3mm,7.3mm,4.1mm,,,,SMD,,,-40°C to +125°C,,,,,,1,,,Eaton,DR74-1R5-R,DR74,,,,,,,,,,,,,,,piece,13,8mm,,USD,,,,1,,,,2026-02-01 03:42:10,,,0,0
,EL-IND-010204,IND_POWER_2.2uH_4.76A_0R0126_SHIELDED_DR74,Power Inductor 2.2µH 4.76A Shielded 7.3x7.3mm (Eaton DR74),MyLib_Inductor:L,Inductors,,Power_SMD,2.2µH,,2.2µH,±20%,0.0126Ω,4.76A,,7.06A,,,,,,,Ferrite,Shielded,,DR74,MyLib_Inductor_SMD:L_7.3x7.3_H4.5,DR74,7.3x7.3x4.1mm,7.3mm,7.3mm,4.1mm,,,,SMD,,,-40°C to +125°C,,,,,,1,,,Eaton,DR74-2R2-R,DR74,,,,,,,,,,,,,,,piece,13,8mm,,USD,,,,1,,,,2026-02-01 03:42:10,,,0,0
,EL-IND-010205,IND_POWER_3.3uH_3.94A_0R0183_SHIELDED_DR74,Power Inductor 3.3µH 3.94A Shielded 7.3x7.3mm (Eaton DR74),MyLib_Inductor:L,Inductors,,Power_SMD,3.3µH,,3.3µH,±20%,0.0183Ω,3.94A,,5.40A,,,,,,,Ferrite,Shielded,,DR74,MyLib_Inductor_SMD:L_7.3x7.3_H4.5,DR74,7.3x7.3x4.1mm,7.3mm,7.3mm,4.1mm,,,,SMD,,,-40°C to +125°C,,,,,,1,,,Eaton,DR74-3R3-R,DR74,,,,,,,,,,,,,,,piece,13,8mm,,USD,,,,1,,,,2026-02-01 03:42:10,,,0,0
,EL-IND-010206,IND_POWER_4.7uH_3.34A_0R0254_SHIELDED_DR74,Power Inductor 4.7µH 3.34A Shielded 7.3x7.3mm (Eaton DR74),MyLib_Inductor:L,Inductors,,Power_SMD,4.7µH,,4.7µH,±20%,0.0254Ω,3.34A,,4.37A,,,,,,,Ferrite,Shielded,,DR74,MyLib_Inductor_SMD:L_7.3x7.3_H4.5,DR74,7.3x7.3x4.1mm,7.3mm,7.3mm,4.1mm,,,,SMD,,,-40°C to +125°C,,,,,,1,,,Eaton,DR74-4R7-R,DR74,,,,,,,,,,,,,,,piece,13,8mm,,USD,,,,1,,,,2026-02-01 03:42:10,,,0,0
,EL-IND-010207,IND_POWER_6.8uH_2.60A_0R0418_SHIELDED_DR74,Power Inductor 6.8µH 2.60A Shielded 7.3x7.3mm (Eaton DR74),MyLib_Inductor:L,Inductors,,Power_SMD,6.8µH,,6.8µH,±20%,0.0418Ω,2.60A,,3.67A,,,,,,,Ferrite,Shielded,,DR74,MyLib_Inductor_SMD:L_7.3x7.3_H4.5,DR74,7.3x7.3x4.1mm,7.3mm,7.3mm,4.1mm,,,,SMD,,,-40°C to +125°C,,,,,,1,,,Eaton,DR74-6R8-R,DR74,,,,,,,,,,,,,,,piece,13,8mm,,USD,,,,1,,,,2026-02-01 03:42:10,,,0,0
,EL-IND-010208,IND_POWER_8.2uH_2.53A_0R0441_SHIELDED_DR74,Power Inductor 8.2µH 2.53A Shielded 7.3x7.3mm (Eaton DR74),MyLib_Inductor:L,Inductors,,Power_SMD,8.2µH,,8.2µH,±20%,0.0441Ω,2.53A,,3.40A,,,,,,,Ferrite,Shielded,,DR74,MyLib_Inductor_SMD:L_7.3x7.3_H4.5,DR74,7.3x7.3x4.1mm,7.3mm,7.3mm,4.1mm,,,,SMD,,,-40°C to +125°C,,,,,,1,,,Eaton,DR74-8R2-R,DR74,,,,,,,,,,,,,,,piece,13,8mm,,USD,,,,1,,,,2026-02-01 03:42:10,,,0,0
,EL-IND-010209,IND_POWER_10uH_2.41A_0R0489_SHIELDED_DR74,Power Inductor 10µH 2.41A Shielded 7.3x7.3mm (Eaton DR74),MyLib_Inductor:L,Inductors,,Power_SMD,10µH,,10µH,±20%,0.0489Ω,2.41A,,3.17A,,,,,,,Ferrite,Shielded,,DR74,MyLib_Inductor_SMD:L_7.3x7.3_H4.5,DR74,7.3x7.3x4.1mm,7.3mm,7.3mm,4.1mm,,,,SMD,,,-40°C to +125°C,,,,,,1,,,Eaton,DR74-100-R,DR74,,,,,,,,,,,,,,,piece,13,8mm,,USD,,,,1,,,,2026-02-01 03:42:10,,,0,0
,EL-IND-010210,IND_POWER_15uH_2.11A_0R0637_SHIELDED_DR74,Power Inductor 15µH 2.11A Shielded 7.3x7.3mm (Eaton DR74),MyLib_Inductor:L,Inductors,,Power_SMD,15µH,,15µH,±20%,0.0637Ω,2.11A,,2.48A,,,,,,,Ferrite,Shielded,,DR74,MyLib_Inductor_SMD:L_7.3x7.3_H4.5,DR74,7.3x7.3x4.1mm,7.3mm,7.3mm,4.1mm,,,,SMD,,,-40°C to +125°C,,,,,,1,,,Eaton,DR74-150-R,DR74,,,,,,,,,,,,,,,piece,13,8mm,,USD,,,,1,,,,2026-02-01 03:42:10,,,0,0
,EL-IND-010211,IND_POWER_22uH_1.75A_0R0925_SHIELDED_DR74,Power Inductor 22µH 1.75A Shielded 7.3x7.3mm (Eaton DR74),MyLib_Inductor:L,Inductors,,Power_SMD,22µH,,22µH,±20%,0.0925Ω,1.75A,,2.13A,,,,,,,Ferrite,Shielded,,DR74,MyLib_Inductor_SMD:L_7.3x7.3_H4.5,DR74,7.3x7.3x4.1mm,7.3mm,7.3mm,4.1mm,,,,SMD,,,-40°C to +125°C,,,,,,1,,,Eaton,DR74-220-R,DR74,,,,,,,,,,,,,,,piece,13,8mm,,USD,,,,1,,,,2026-02-01 03:42:10,,,0,0
,EL-IND-010212,IND_POWER_33uH_1.41A_0R143_SHIELDED_DR74,Power Inductor 33µH 1.41A Shielded 7.3x7.3mm (Eaton DR74),MyLib_Inductor:L,Inductors,,Power_SMD,33µH,,33µH,±20%,0.143Ω,1.41A,,1.73A,,,,,,,Ferrite,Shielded,,DR74,MyLib_Inductor_SMD:L_7.3x7.3_H4.5,DR74,7.3x7.3x4.1mm,7.3mm,7.3mm,4.1mm,,,,SMD,,,-40°C to +125°C,,,,,,1,,,Eaton,DR74-330-R,DR74,,,,,,,,,,,,,,,piece,13,8mm,,USD,,,,1,,,,2026-02-01 03:42:10,,,0,0
,EL-IND-010213,IND_POWER_47uH_1.15A_0R216_SHIELDED_DR74,Power Inductor 47µH 1.15A Shielded 7.3x7.3mm (Eaton DR74),MyLib_Inductor:L,Inductors,,Power_SMD,47µH,,47µH,±20%,0.216Ω,1.15A,,1.41A,,,,,,,Ferrite,Shielded,,DR74,MyLib_Inductor_SMD:L_7.3x7.3_H4.5,DR74,7.3x7.3x4.1mm,7.3mm,7.3mm,4.1mm,,,,SMD,,,-40°C to +125°C,,,,,,1,,,Eaton,DR74-470-R,DR74,,,,,,,,,,,,,,,piece,13,8mm,,USD,,,,1,,,,2026-02-01 03:42:10,,,0,0
,EL-IND-010214,IND_POWER_68uH_1.03A_0R265_SHIELDED_DR74,Power Inductor 68µH 1.03A Shielded 7.3x7.3mm (Eaton DR74),MyLib_Inductor:L,Inductors,,Power_SMD,68µH,,68µH,±20%,0.265Ω,1.03A,,1.19A,,,,,,,Ferrite,Shielded,,DR74,MyLib_Inductor_SMD:L_7.3x7.3_H4.5,DR74,7.3x7.3x4.1mm,7.3mm,7.3mm,4.1mm,,,,SMD,,,-40°C to +125°C,,,,,,1,,,Eaton,DR74-680-R,DR74,,,,,,,,,,,,,,,piece,13,8mm,,USD,,,,1,,,,2026-02-01 03:42:10,,,0,0
,EL-IND-010215,IND_POWER_82uH_0.91A_0R345_SHIELDED_DR74,Power Inductor 82µH 0.91A Shielded 7.3x7.3mm (Eaton DR74),MyLib_Inductor:L,Inductors,,Power_SMD,82µH,,82µH,±20%,0.345Ω,0.91A,,1.11A,,,,,,,Ferrite,Shielded,,DR74,MyLib_Inductor_SMD:L_7.3x7.3_H4.5,DR74,7.3x7.3x4.1mm,7.3mm,7.3mm,4.1mm,,,,SMD,,,-40°C to +125°C,,,,,,1,,,Eaton,DR74-820-R,DR74,,,,,,,,,,,,,,,piece,13,8mm,,USD,,,,1,,,,2026-02-01 03:42:10,,,0,0
,EL-IND-010216,IND_POWER_100uH_0.86A_0R383_SHIELDED_DR74,Power Inductor 100µH 0.86A Shielded 7.3x7.3mm (Eaton DR74),MyLib_Inductor:L,Inductors,,Power_SMD,100µH,,100µH,±20%,0.383Ω,0.86A,,0.99A,,,,,,,Ferrite,Shielded,,DR74,MyLib_Inductor_SMD:L_7.3x7.3_H4.5,DR74,7.3x7.3x4.1mm,7.3mm,7.3mm,4.1mm,,,,SMD,,,-40°C to +125°C,,,,,,1,,,Eaton,DR74-101-R,DR74,,,,,,,,,,,,,,,piece,13,8mm,,USD,,,,1,,,,2026-02-01 03:42:10,,,0,0
,EL-IND-010217,IND_POWER_150uH_0.69A_0R591_SHIELDED_DR74,Power Inductor 150µH 0.69A Shielded 7.3x7.3mm (Eaton DR74),MyLib_Inductor:L,Inductors,,Power_SMD,150µH,,150µH,±20%,0.591Ω,0.69A,,0.81A,,,,,,,Ferrite,Shielded,,DR74,MyLib_Inductor_SMD:L_7.3x7.3_H4.5,DR74,7.3x7.3x4.1mm,7.3mm,7.3mm,4.1mm,,,,SMD,,,-40°C to +125°C,,,,,,1,,,Eaton,DR74-151-R,DR74,,,,,,,,,,,,,,,piece,13,8mm,,USD,,,,1,,,,2026-02-01 03:42:10,,,0,0
,EL-IND-010218,IND_POWER_220uH_0.56A_0R907_SHIELDED_DR74,Power Inductor 220µH 0.56A Shielded 7.3x7.3mm (Eaton DR74),MyLib_Inductor:L,Inductors,,Power_SMD,220µH,,220µH,±20%,0.907Ω,0.56A,,0.66A,,,,,,,Ferrite,Shielded,,DR74,MyLib_Inductor_SMD:L_7.3x7.3_H4.5,DR74,7.3x7.3x4.1mm,7.3mm,7.3mm,4.1mm,,,,SMD,,,-40°C to +125°C,,,,,,1,,,Eaton,DR74-221-R,DR74,,,,,,,,,,,,,,,piece,13,8mm,,USD,,,,1,,,,2026-02-01 03:42:10,,,0,0
,EL-IND-010219,IND_POWER_330uH_0.45A_1R41_SHIELDED_DR74,Power Inductor 330µH 0.45A Shielded 7.3x7.3mm (Eaton DR74),MyLib_Inductor:L,Inductors,,Power_SMD,330µH,,330µH,±20%,1.41Ω,0.45A,,0.54A,,,,,,,Ferrite,Shielded,,DR74,MyLib_Inductor_SMD:L_7.3x7.3_H4.5,DR74,7.3x7.3x4.1mm,7.3mm,7.3mm,4.1mm,,,,SMD,,,-40°C to +125°C,,,,,,1,,,Eaton,DR74-331-R,DR74,,,,,,,,,,,,,,,piece,13,8mm,,USD,,,,1,,,,2026-02-01 03:42:10,,,0,0
,EL-IND-010220,IND_POWER_470uH_0.40A_1R74_SHIELDED_DR74,Power Inductor 470µH 0.40A Shielded 7.3x7.3mm (Eaton DR74),MyLib_Inductor:L,Inductors,,Power_SMD,470µH,,470µH,±20%,1.74Ω,0.40A,,0.46A,,,,,,,Ferrite,Shielded,,DR74,MyLib_Inductor_SMD:L_7.3x7.3_H4.5,DR74,7.3x7.3x4.1mm,7.3mm,7.3mm,4.1mm,,,,SMD,,,-40°C to +125°C,,,,,,1,,,Eaton,DR74-471-R,DR74,,,,,,,,,,,,,,,piece,13,8mm,,USD,,,,1,,,,2026-02-01 03:42:10,,,0,0
,EL-IND-010221,IND_POWER_680uH_0.33A_2R58_SHIELDED_DR74,Power Inductor 680µH 0.33A Shielded 7.3x7.3mm (Eaton DR74),MyLib_Inductor:L,Inductors,,Power_SMD,680µH,,680µH,±20%,2.58Ω,0.33A,,0.38A,,,,,,,Ferrite,Shielded,,DR74,MyLib_Inductor_SMD:L_7.3x7.3_H4.5,DR74,7.3x7.3x4.1mm,7.3mm,7.3mm,4.1mm,,,,SMD,,,-40°C to +125°C,,,,,,1,,,Eaton,DR74-681-R,DR74,,,,,,,,,,,,,,,piece,13,8mm,,USD,,,,1,,,,2026-02-01 03:42:10,,,0,0
,EL-IND-010222,IND_POWER_820uH_0.31A_2R93_SHIELDED_DR74,Power Inductor 820µH 0.31A Shielded 7.3x7.3mm (Eaton DR74),MyLib_Inductor:L,Inductors,,Power_SMD,820µH,,820µH,±20%,2.93Ω,0.31A,,0.35A,,,,,,,Ferrite,Shielded,,DR74,MyLib_Inductor_SMD:L_7.3x7.3_H4.5,DR74,7.3x7.3x4.1mm,7.3mm,7.3mm,4.1mm,,,,SMD,,,-40°C to +125°C,,,,,,1,,,Eaton,DR74-821-R,DR74,,,,,,,,,,,,,,,piece,13,8mm,,USD,,,,1,,,,2026-02-01 03:42:10,,,0,0
,EL-IND-010223,IND_POWER_1000uH_0.27A_3R89_SHIELDED_DR74,Power Inductor 1000µH 0.27A Shielded 7.3x7.3mm (Eaton DR74),MyLib_Inductor:L,Inductors,,Power_SMD,1000µH,,1000µH,±20%,3.89Ω,0.27A,,0.31A,,,,,,,Ferrite,Shielded,,DR74,MyLib_Inductor_SMD:L_7.3x7.3_H4.5,DR74,7.3x7.3x4.1mm,7.3mm,7.3mm,4.1mm,,,,SMD,,,-40°C to +125°C,,,,,,1,,,Eaton,DR74-102-R,DR74,,,,,,,,,,,,,,,piece,13,8mm,,USD,,,,1,,,,2026-02-01 03:42:10,,,0,0
,EL-IND-010401,IND_POWER_0.47uH_17.6A_0R0018_SHIELDED_DR125,Power Inductor 0.47µH 17.6A Shielded 12.5x12.5mm (Eaton DR125),MyLib_Inductor:L,Inductors,,Power_SMD,0.47µH,,0.47µH,±20%,0.0018Ω,17.6A,,33.0A,,,,,,,Ferrite,Shielded,,DR125,MyLib_Inductor_SMD:L_12x12mm_H8mm,DR125,12.5x12.5x5.0mm,12.5mm,12.5mm,5.0mm,,,,SMD,,,-40°C to +125°C,,,,,,1,,,Eaton,DR125-R47-R,DR125,,,,,,,,,,,,,,,piece,13,12mm,,USD,,,,1,,,,2026-02-01 03:42:10,,,0,0
,EL-IND-010402,IND_POWER_1.0uH_15.0A_0R0024_SHIELDED_DR125,Power Inductor 1.0µH 15.0A Shielded 12.5x12.5mm (Eaton DR125),MyLib_Inductor:L,Inductors,,Power_SMD,1.0µH,,1.0µH,±20%,0.0024Ω,15.0A,,23.6A,,,,,,,Ferrite,Shielded,,DR125,MyLib_Inductor_SMD:L_12x12mm_H8mm,DR125,12.5x12.5x5.0mm,12.5mm,12.5mm,5.0mm,,,,SMD,,,-40°C to +125°C,,,,,,1,,,Eaton,DR125-1R0-R,DR125,,,,,,,,,,,,,,,piece,13,12mm,,USD,,,,1,,,,2026-02-01 03:42:10,,,0,0
,EL-IND-010403,IND_POWER_1.5uH_13.8A_0R0029_SHIELDED_DR125,Power Inductor 1.5µH 13.8A Shielded 12.5x12.5mm (Eaton DR125),MyLib_Inductor:L,Inductors,,Power_SMD,1.5µH,,1.5µH,±20%,0.0029Ω,13.8A,,18.3A,,,,,,,Ferrite,Shielded,,DR125,MyLib_Inductor_SMD:L_12x12mm_H8mm,DR125,12.5x12.5x5.0mm,12.5mm,12.5mm,5.0mm,,,,SMD,,,-40°C to +125°C,,,,,,1,,,Eaton,DR125-1R5-R,DR125,,,,,,,,,,,,,,,piece,13,12mm,,USD,,,,1,,,,2026-02-01 03:42:10,,,0,0
,EL-IND-010404,IND_POWER_2.2uH_10.9A_0R0045_SHIELDED_DR125,Power Inductor 2.2µH 10.9A Shielded 12.5x12.5mm (Eaton DR125),MyLib_Inductor:L,Inductors,,Power_SMD,2.2µH,,2.2µH,±20%,0.0045Ω,10.9A,,15.0A,,,,,,,Ferrite,Shielded,,DR125,MyLib_Inductor_SMD:L_12x12mm_H8mm,DR125,12.5x12.5x5.0mm,12.5mm,12.5mm,5.0mm,,,,SMD,,,-40°C to +125°C,,,,,,1,,,Eaton,DR125-2R2-R,DR125,,,,,,,,,,,,,,,piece,13,12mm,,USD,,,,1,,,,2026-02-01 03:42:10,,,0,0
,EL-IND-010405,IND_POWER_3.3uH_9.26A_0R0063_SHIELDED_DR125,Power Inductor 3.3µH 9.26A Shielded 12.5x12.5mm (Eaton DR125),MyLib_Inductor:L,Inductors,,Power_SMD,3.3µH,,3.3µH,±20%,0.0063Ω,9.26A,,12.7A,,,,,,,Ferrite,Shielded,,DR125,MyLib_Inductor_SMD:L_12x12mm_H8mm,DR125,12.5x12.5x5.0mm,12.5mm,12.5mm,5.0mm,,,,SMD,,,-40°C to +125°C,,,,,,1,,,Eaton,DR125-3R3-R,DR125,,,,,,,,,,,,,,,piece,13,12mm,,USD,,,,1,,,,2026-02-01 03:42:10,,,0,0
,EL-IND-010406,IND_POWER_4.7uH_7.18A_0R0105_SHIELDED_DR125,Power Inductor 4.7µH 7.18A Shielded 12.5x12.5mm (Eaton DR125),MyLib_Inductor:L,Inductors,,Power_SMD,4.7µH,,4.7µH,±20%,0.0105Ω,7.18A,,9.71A,,,,,,,Ferrite,Shielded,,DR125,MyLib_Inductor_SMD:L_12x12mm_H8mm,DR125,12.5x12.5x5.0mm,12.5mm,12.5mm,5.0mm,,,,SMD,,,-40°C to +125°C,,,,,,1,,,Eaton,DR125-4R7-R,DR125,,,,,,,,,,,,,,,piece,13,12mm,,USD,,,,1,,,,2026-02-01 03:42:10,,,0,0
,EL-IND-010407,IND_POWER_6.8uH_6.64A_0R0123_SHIELDED_DR125,Power Inductor 6.8µH 6.64A Shielded 12.5x12.5mm (Eaton DR125),MyLib_Inductor:L,Inductors,,Power_SMD,6.8µH,,6.8µH,±20%,0.0123Ω,6.64A,,8.68A,,,,,,,Ferrite,Shielded,,DR125,MyLib_Inductor_SMD:L_12x12mm_H8mm,DR125,12.5x12.5x5.0mm,12.5mm,12.5mm,5.0mm,,,,SMD,,,-40°C to +125°C,,,,,,1,,,Eaton,DR125-6R8-R,DR125,,,,,,,,,,,,,,,piece,13,12mm,,USD,,,,1,,,,2026-02-01 03:42:10,,,0,0
,EL-IND-010408,IND_POWER_8.2uH_5.54A_0R0176_SHIELDED_DR125,Power Inductor 8.2µH 5.54A Shielded 12.5x12.5mm (Eaton DR125),MyLib_Inductor:L,Inductors,,Power_SMD,8.2µH,,8.2µH,±20%,0.0176Ω,5.54A,,7.86A,,,,,,,Ferrite,Shielded,,DR125,MyLib_Inductor_SMD:L_12x12mm_H8mm,DR125,12.5x12.5x5.0mm,12.5mm,12.5mm,5.0mm,,,,SMD,,,-40°C to +125°C,,,,,,1,,,Eaton,DR125-8R2-R,DR125,,,,,,,,,,,,,,,piece,13,12mm,,USD,,,,1,,,,2026-02-01 03:42:10,,,0,0
,EL-IND-010409,IND_POWER_10uH_5.35A_0R0189_SHIELDED_DR125,Power Inductor 10µH 5.35A Shielded 12.5x12.5mm (Eaton DR125),MyLib_Inductor:L,Inductors,,Power_SMD,10µH,,10µH,±20%,0.0189Ω,5.35A,,7.17A,,,,,,,Ferrite,Shielded,,DR125,MyLib_Inductor_SMD:L_12x12mm_H8mm,DR125,12.5x12.5x5.0mm,12.5mm,12.5mm,5.0mm,,,,SMD,,,-40°C to +125°C,,,,,,1,,,Eaton,DR125-100-R,DR125,,,,,,,,,,,,,,,piece,13,12mm,,USD,,,,1,,,,2026-02-01 03:42:10,,,0,0
,EL-IND-010410,IND_POWER_15uH_4.27A_0R0298_SHIELDED_DR125,Power Inductor 15µH 4.27A Shielded 12.5x12.5mm (Eaton DR125),MyLib_Inductor:L,Inductors,,Power_SMD,15µH,,15µH,±20%,0.0298Ω,4.27A,,5.69A,,,,,,,Ferrite,Shielded,,DR125,MyLib_Inductor_SMD:L_12x12mm_H8mm,DR125,12.5x12.5x5.0mm,12.5mm,12.5mm,5.0mm,,,,SMD,,,-40°C to +125°C,,,,,,1,,,Eaton,DR125-150-R,DR125,,,,,,,,,,,,,,,piece,13,12mm,,USD,,,,1,,,,2026-02-01 03:42:10,,,0,0
,EL-IND-010411,IND_POWER_18uH_3.81A_0R0377_SHIELDED_DR125,Power Inductor 18µH 3.81A Shielded 12.5x12.5mm (Eaton DR125),MyLib_Inductor:L,Inductors,,Power_SMD,18µH,,18µH,±20%,0.0377Ω,3.81A,,5.32A,,,,,,,Ferrite,Shielded,,DR125,MyLib_Inductor_SMD:L_12x12mm_H8mm,DR125,12.5x12.5x5.0mm,12.5mm,12.5mm,5.0mm,,,,SMD,,,-40°C to +125°C,,,,,,1,,,Eaton,DR125-180-R,DR125,,,,,,,,,,,,,,,piece,13,12mm,,USD,,,,1,,,,2026-02-01 03:42:10,,,0,0
,EL-IND-010412,IND_POWER_22uH_3.70A_0R0396_SHIELDED_DR125,Power Inductor 22µH 3.70A Shielded 12.5x12.5mm (Eaton DR125),MyLib_Inductor:L,Inductors,,Power_SMD,22µH,,22µH,±20%,0.0396Ω,3.70A,,4.71A,,,,,,,Ferrite,Shielded,,DR125,MyLib_Inductor_SMD:L_12x12mm_H8mm,DR125,12.5x12.5x5.0mm,12.5mm,12.5mm,5.0mm,,,,SMD,,,-40°C to +125°C,,,,,,1,,,Eaton,DR125-220-R,DR125,,,,,,,,,,,,,,,piece,13,12mm,,USD,,,,1,,,,2026-02-01 03:42:10,,,0,0
,EL-IND-010413,IND_POWER_33uH_3.28A_0R0505_SHIELDED_DR125,Power Inductor 33µH 3.28A Shielded 12.5x12.5mm (Eaton DR125),MyLib_Inductor:L,Inductors,,Power_SMD,33µH,,33µH,±20%,0.0505Ω,3.28A,,3.84A,,,,,,,Ferrite,Shielded,,DR125,MyLib_Inductor_SMD:L_12x12mm_H8mm,DR125,12.5x12.5x5.0mm,12.5mm,12.5mm,5.0mm,,,,SMD,,,-40°C to +125°C,,,,,,1,,,Eaton,DR125-330-R,DR125,,,,,,,,,,,,,,,piece,13,12mm,,USD,,,,1,,,,2026-02-01 03:42:10,,,0,0
,EL-IND-010414,IND_POWER_47uH_2.71A_0R0740_SHIELDED_DR125,Power Inductor 47µH 2.71A Shielded 12.5x12.5mm (Eaton DR125),MyLib_Inductor:L,Inductors,,Power_SMD,47µH,,47µH,±20%,0.0740Ω,2.71A,,3.24A,,,,,,,Ferrite,Shielded,,DR125,MyLib_Inductor_SMD:L_12x12mm_H8mm,DR125,12.5x12.5x5.0mm,12.5mm,12.5mm,5.0mm,,,,SMD,,,-40°C to +125°C,,,,,,1,,,Eaton,DR125-470-R,DR125,,,,,,,,,,,,,,,piece,13,12mm,,USD,,,,1,,,,2026-02-01 03:42:10,,,0,0
,EL-IND-010415,IND_POWER_56uH_2.31A_0R102_SHIELDED_DR125,Power Inductor 56µH 2.31A Shielded 12.5x12.5mm (Eaton DR125),MyLib_Inductor:L,Inductors,,Power_SMD,56µH,,56µH,±20%,0.102Ω,2.31A,,3.00A,,,,,,,Ferrite,Shielded,,DR125,MyLib_Inductor_SMD:L_12x12mm_H8mm,DR125,12.5x12.5x5.0mm,12.5mm,12.5mm,5.0mm,,,,SMD,,,-40°C to +125°C,,,,,,1,,,Eaton,DR125-560-R,DR125,,,,,,,,,,,,,,,piece,13,12mm,,USD,,,,1,,,,2026-02-01 03:42:10,,,0,0
,EL-IND-010416,IND_POWER_68uH_2.22A_0R101_SHIELDED_DR125,Power Inductor 68µH 2.22A Shielded 12.5x12.5mm (Eaton DR125),MyLib_Inductor:L,Inductors,,Power_SMD,68µH,,68µH,±20%,0.101Ω,2.22A,,2.70A,,,,,,,Ferrite,Shielded,,DR125,MyLib_Inductor_SMD:L_12x12mm_H8mm,DR125,12.5x12.5x5.0mm,12.5mm,12.5mm,5.0mm,,,,SMD,,,-40°C to +125°C,,,,,,1,,,Eaton,DR125-680-R,DR125,,,,,,,,,,,,,,,piece,13,12mm,,USD,,,,1,,,,2026-02-01 03:42:10,,,0,0
,EL-IND-010417,IND_POWER_82uH_2.05A_0R128_SHIELDED_DR125,Power Inductor 82µH 2.05A Shielded 12.5x12.5mm (Eaton DR125),MyLib_Inductor:L,Inductors,,Power_SMD,82µH,,82µH,±20%,0.128Ω,2.05A,,2.39A,,,,,,,Ferrite,Shielded,,DR125,MyLib_Inductor_SMD:L_12x12mm_H8mm,DR125,12.5x12.5x5.0mm,12.5mm,12.5mm,5.0mm,,,,SMD,,,-40°C to +125°C,,,,,,1,,,Eaton,DR125-820-R,DR125,,,,,,,,,,,,,,,piece,13,12mm,,USD,,,,1,,,,2026-02-01 03:42:10,,,0,0
,EL-IND-010418,IND_POWER_100uH_1.78A_0R170_SHIELDED_DR125,Power Inductor 100µH 1.78A Shielded 12.5x12.5mm (Eaton DR125),MyLib_Inductor:L,Inductors,,Power_SMD,100µH,,100µH,±20%,0.170Ω,1.78A,,2.20A,,,,,,,Ferrite,Shielded,,DR125,MyLib_Inductor_SMD:L_12x12mm_H8mm,DR125,12.5x12.5x5.0mm,12.5mm,12.5mm,5.0mm,,,,SMD,,,-40°C to +125°C,,,,,,1,,,Eaton,DR125-101-R,DR125,,,,,,,,,,,,,,,piece,13,12mm,,USD,,,,1,,,,2026-02-01 03:42:10,,,0,0
,EL-IND-010419,IND_POWER_150uH_1.48A_0R248_SHIELDED_DR125,Power Inductor 150µH 1.48A Shielded 12.5x12.5mm (Eaton DR125),MyLib_Inductor:L,Inductors,,Power_SMD,150µH,,150µH,±20%,0.248Ω,1.48A,,1.81A,,,,,,,Ferrite,Shielded,,DR125,MyLib_Inductor_SMD:L_12x12mm_H8mm,DR125,12.5x12.5x5.0mm,12.5mm,12.5mm,5.0mm,,,,SMD,,,-40°C to +125°C,,,,,,1,,,Eaton,DR125-151-R,DR125,,,,,,,,,,,,,,,piece,13,12mm,,USD,,,,1,,,,2026-02-01 03:42:10,,,0,0
,EL-IND-010420,IND_POWER_220uH_1.19A_0R384_SHIELDED_DR125,Power Inductor 220µH 1.19A Shielded 12.5x12.5mm (Eaton DR125),MyLib_Inductor:L,Inductors,,Power_SMD,220µH,,220µH,±20%,0.384Ω,1.19A,,1.51A,,,,,,,Ferrite,Shielded,,DR125,MyLib_Inductor_SMD:L_12x12mm_H8mm,DR125,12.5x12.5x5.0mm,12.5mm,12.5mm,5.0mm,,,,SMD,,,-40°C to +125°C,,,,,,1,,,Eaton,DR125-221-R,DR125,,,,,,,,,,,,,,,piece,13,12mm,,USD,,,,1,,,,2026-02-01 03:42:10,,,0,0
,EL-IND-010421,IND_POWER_330uH_1.06A_0R482_SHIELDED_DR125,Power Inductor 330µH 1.06A Shielded 12.5x12.5mm (Eaton DR125),MyLib_Inductor:L,Inductors,,Power_SMD,330µH,,330µH,±20%,0.482Ω,1.06A,,1.22A,,,,,,,Ferrite,Shielded,,DR125,MyLib_Inductor_SMD:L_12x12mm_H8mm,DR125,12.5x12.5x5.0mm,12.5mm,12.5mm,5.0mm,,,,SMD,,,-40°C to +125°C,,,,,,1,,,Eaton,DR125-331-R,DR125,,,,,,,,,,,,,,,piece,13,12mm,,USD,,,,1,,,,2026-02-01 03:42:10,,,0,0
,EL-IND-010422,IND_POWER_470uH_0.87A_0R718_SHIELDED_DR125,Power Inductor 470µH 0.87A Shielded 12.5x12.5mm (Eaton DR125),MyLib_Inductor:L,Inductors,,Power_SMD,470µH,,470µH,±20%,0.718Ω,0.87A,,1.02A,,,,,,,Ferrite,Shielded,,DR125,MyLib_Inductor_SMD:L_12x12mm_H8mm,DR125,12.5x12.5x5.0mm,12.5mm,12.5mm,5.0mm,,,,SMD,,,-40°C to +125°C,,,,,,1,,,Eaton,DR125-471-R,DR125,,,,,,,,,,,,,,,piece,13,12mm,,USD,,,,1,,,,2026-02-01 03:42:10,,,0,0
,EL-IND-010423,IND_POWER_680uH_0.70A_1R101_SHIELDED_DR125,Power Inductor 680µH 0.70A Shielded 12.5x12.5mm (Eaton DR125),MyLib_Inductor:L,Inductors,,Power_SMD,680µH,,680µH,±20%,1.101Ω,0.70A,,0.85A,,,,,,,Ferrite,Shielded,,DR125,MyLib_Inductor_SMD:L_12x12mm_H8mm,DR125,12.5x12.5x5.0mm,12.5mm,12.5mm,5.0mm,,,,SMD,,,-40°C to +125°C,,,,,,1,,,Eaton,DR125-681-R,DR125,,,,,,,,,,,,,,,piece,13,12mm,,USD,,,,1,,,,2026-02-01 03:42:10,,,0,0
,EL-IND-010424,IND_POWER_820uH_0.60A_1R491_SHIELDED_DR125,Power Inductor 820µH 0.60A Shielded 12.5x12.5mm (Eaton DR125),MyLib_Inductor:L,Inductors,,Power_SMD,820µH,,820µH,±20%,1.491Ω,0.60A,,0.77A,,,,,,,Ferrite,Shielded,,DR125,MyLib_Inductor_SMD:L_12x12mm_H8mm,DR125,12.5x12.5x5.0mm,12.5mm,12.5mm,5.0mm,,,,SMD,,,-40°C to +125°C,,,,,,1,,,Eaton,DR125-821-R,DR125,,,,,,,,,,,,,,,piece,13,12mm,,USD,,,,1,,,,2026-02-01 03:42:10,,,0,0
,EL-IND-010425,IND_POWER_1000uH_0.57A_1R691_SHIELDED_DR125,Power Inductor 1000µH 0.57A Shielded 12.5x12.5mm (Eaton DR125),MyLib_Inductor:L,Inductors,,Power_SMD,1000µH,,1000µH,±20%,1.691Ω,0.57A,,0.70A,,,,,,,Ferrite,Shielded,,DR125,MyLib_Inductor_SMD:L_12x12mm_H8mm,DR125,12.5x12.5x5.0mm,12.5mm,12.5mm,5.0mm,,,,SMD,,,-40°C to +125°C,,,,,,1,,,Eaton,DR125-102-R,DR125,,,,,,,,,,,,,,,piece,13,12mm,,USD,,,,1,,,,2026-02-01 03:42:10,,,0,0
,EL-IND-010426,IND_POWER_4700uH_0.268A_7R533_SHIELDED_DR125,Power Inductor 4700µH 0.268A Shielded 12.5x12.5mm (Eaton DR125),MyLib_Inductor:L,Inductors,,Power_SMD,4700µH,,4700µH,±20%,7.533Ω,0.268A,,0.327A,,,,,,,Ferrite,Shielded,,DR125,MyLib_Inductor_SMD:L_12x12mm_H8mm,DR125,12.5x12.5x5.0mm,12.5mm,12.5mm,5.0mm,,,,SMD,,,-40°C to +125°C,,,,,,1,,,Eaton,DR125-472-R,DR125,,,,,,,,,,,,,,,piece,13,12mm,,USD,,,,1,,,,2026-02-01 03:42:10,,,0,0
,EL-IND-010427,IND_POWER_12000uH_0.060A_150_SHIELDED_DR125,Power Inductor 12000µH 0.060A Shielded 12.5x12.5mm (Eaton DR125),MyLib_Inductor:L,Inductors,,Power_SMD,12000µH,,12000µH,±20%,150Ω,0.060A,,0.069A,,,,,,,Ferrite,Shielded,,DR125,MyLib_Inductor_SMD:L_12x12mm_H8mm,DR125,12.5x12.5x5.0mm,12.5mm,12.5mm,5.0mm,,,,SMD,,,-40°C to +125°C,,,,,,1,,,Eaton,DR125-124-R,DR125,,,,,,,,,,,,,,,piece,13,12mm,,USD,,,,1,,,,2026-02-01 03:42:10,,,0,0
,EL-IND-010501,IND_POWER_0.47uH_17.9A_0R00195_SHIELDED_DR127,Power Inductor 0.47µH 17.9A Shielded 12.8x12.8mm (Eaton DR127),MyLib_Inductor:L,Inductors,,Power_SMD,0.47µH,,0.47µH,±20%,0.00195Ω,17.9A,,56.0A,,,,,,,Ferrite,Shielded,,DR127,MyLib_Inductor_SMD:L_12x12mm_H8mm,DR127,12.8x12.8x5.3mm,12.8mm,12.8mm,5.3mm,,,,SMD,,,-40°C to +125°C,,,,,,1,,,Eaton,DR127-R47-R,DR127,,,,,,,,,,,,,,,piece,13,12mm,,USD,,,,1,,,,2026-02-01 03:42:10,,,0,0
,EL-IND-010502,IND_POWER_1.0uH_15.5A_0R00313_SHIELDED_DR127,Power Inductor 1.0µH 15.5A Shielded 12.8x12.8mm (Eaton DR127),MyLib_Inductor:L,Inductors,,Power_SMD,1.0µH,,1.0µH,±20%,0.00313Ω,15.5A,,40.0A,,,,,,,Ferrite,Shielded,,DR127,MyLib_Inductor_SMD:L_12x12mm_H8mm,DR127,12.8x12.8x5.3mm,12.8mm,12.8mm,5.3mm,,,,SMD,,,-40°C to +125°C,,,,,,1,,,Eaton,DR127-1R0-R,DR127,,,,,,,,,,,,,,,piece,13,12mm,,USD,,,,1,,,,2026-02-01 03:42:10,,,0,0
,EL-IND-010503,IND_POWER_1.5uH_13.5A_0R00341_SHIELDED_DR127,Power Inductor 1.5µH 13.5A Shielded 12.8x12.8mm (Eaton DR127),MyLib_Inductor:L,Inductors,,Power_SMD,1.5µH,,1.5µH,±20%,0.00341Ω,13.5A,,31.1A,,,,,,,Ferrite,Shielded,,DR127,MyLib_Inductor_SMD:L_12x12mm_H8mm,DR127,12.8x12.8x5.3mm,12.8mm,12.8mm,5.3mm,,,,SMD,,,-40°C to +125°C,,,,,,1,,,Eaton,DR127-1R5-R,DR127,,,,,,,,,,,,,,,piece,13,12mm,,USD,,,,1,,,,2026-02-01 03:42:10,,,0,0
,EL-IND-010504,IND_POWER_2.2uH_12.5A_0R00402_SHIELDED_DR127,Power Inductor 2.2µH 12.5A Shielded 12.8x12.8mm (Eaton DR127),MyLib_Inductor:L,Inductors,,Power_SMD,2.2µH,,2.2µH,±20%,0.00402Ω,12.5A,,25.5A,,,,,,,Ferrite,Shielded,,DR127,MyLib_Inductor_SMD:L_12x12mm_H8mm,DR127,12.8x12.8x5.3mm,12.8mm,12.8mm,5.3mm,,,,SMD,,,-40°C to +125°C,,,,,,1,,,Eaton,DR127-2R2-R,DR127,,,,,,,,,,,,,,,piece,13,12mm,,USD,,,,1,,,,2026-02-01 03:42:10,,,0,0
,EL-IND-010505,IND_POWER_3.3uH_10.5A_0R00567_SHIELDED_DR127,Power Inductor 3.3µH 10.5A Shielded 12.8x12.8mm (Eaton DR127),MyLib_Inductor:L,Inductors,,Power_SMD,3.3µH,,3.3µH,±20%,0.00567Ω,10.5A,,21.5A,,,,,,,Ferrite,Shielded,,DR127,MyLib_Inductor_SMD:L_12x12mm_H8mm,DR127,12.8x12.8x5.3mm,12.8mm,12.8mm,5.3mm,,,,SMD,,,-40°C to +125°C,,,,,,1,,,Eaton,DR127-3R3-R,DR127,,,,,,,,,,,,,,,piece,13,12mm,,USD,,,,1,,,,2026-02-01 03:42:10,,,0,0
,EL-IND-010506,IND_POWER_4.7uH_8.25A_0R00917_SHIELDED_DR127,Power Inductor 4.7µH 8.25A Shielded 12.8x12.8mm (Eaton DR127),MyLib_Inductor:L,Inductors,,Power_SMD,4.7µH,,4.7µH,±20%,0.00917Ω,8.25A,,16.5A,,,,,,,Ferrite,Shielded,,DR127,MyLib_Inductor_SMD:L_12x12mm_H8mm,DR127,12.8x12.8x5.3mm,12.8mm,12.8mm,5.3mm,,,,SMD,,,-40°C to +125°C,,,,,,1,,,Eaton,DR127-4R7-R,DR127,,,,,,,,,,,,,,,piece,13,12mm,,USD,,,,1,,,,2026-02-01 03:42:10,,,0,0
,EL-IND-010507,IND_POWER_6.8uH_7.34A_0R0116_SHIELDED_DR127,Power Inductor 6.8µH 7.34A Shielded 12.8x12.8mm (Eaton DR127),MyLib_Inductor:L,Inductors,,Power_SMD,6.8µH,,6.8µH,±20%,0.0116Ω,7.34A,,13.3A,,,,,,,Ferrite,Shielded,,DR127,MyLib_Inductor_SMD:L_12x12mm_H8mm,DR127,12.8x12.8x5.3mm,12.8mm,12.8mm,5.3mm,,,,SMD,,,-40°C to +125°C,,,,,,1,,,Eaton,DR127-6R8-R,DR127,,,,,,,,,,,,,,,piece,13,12mm,,USD,,,,1,,,,2026-02-01 03:42:10,,,0,0
,EL-IND-010508,IND_POWER_8.2uH_6.32A_0R0157_SHIELDED_DR127,Power Inductor 8.2µH 6.32A Shielded 12.8x12.8mm (Eaton DR127),MyLib_Inductor:L,Inductors,,Power_SMD,8.2µH,,8.2µH,±20%,0.0157Ω,6.32A,,12.2A,,,,,,,Ferrite,Shielded,,DR127,MyLib_Inductor_SMD:L_12x12mm_H8mm,DR127,12.8x12.8x5.3mm,12.8mm,12.8mm,5.3mm,,,,SMD,,,-40°C to +125°C,,,,,,1,,,Eaton,DR127-8R2-R,DR127,,,,,,,,,,,,,,,piece,13,12mm,,USD,,,,1,,,,2026-02-01 03:42:10,,,0,0
,EL-IND-010509,IND_POWER_10uH_6.04A_0R0172_SHIELDED_DR127,Power Inductor 10µH 6.04A Shielded 12.8x12.8mm (Eaton DR127),MyLib_Inductor:L,Inductors,,Power_SMD,10µH,,10µH,±20%,0.0172Ω,6.04A,,11.2A,,,,,,,Ferrite,Shielded,,DR127,MyLib_Inductor_SMD:L_12x12mm_H8mm,DR127,12.8x12.8x5.3mm,12.8mm,12.8mm,5.3mm,,,,SMD,,,-40°C to +125°C,,,,,,1,,,Eaton,DR127-100-R,DR127,,,,,,,,,,,,,,,piece,13,12mm,,USD,,,,1,,,,2026-02-01 03:42:10,,,0,0
,EL-IND-010510,IND_POWER_15uH_5.03A_0R0247_SHIELDED_DR127,Power Inductor 15µH 5.03A Shielded 12.8x12.8mm (Eaton DR127),MyLib_Inductor:L,Inductors,,Power_SMD,15µH,,15µH,±20%,0.0247Ω,5.03A,,9.66A,,,,,,,Ferrite,Shielded,,DR127,MyLib_Inductor_SMD:L_12x12mm_H8mm,DR127,12.8x12.8x5.3mm,12.8mm,12.8mm,5.3mm,,,,SMD,,,-40°C to +125°C,,,,,,1,,,Eaton,DR127-150-R,DR127,,,,,,,,,,,,,,,piece,13,12mm,,USD,,,,1,,,,2026-02-01 03:42:10,,,0,0
,EL-IND-010511,IND_POWER_22uH_4.00A_0R0391_SHIELDED_DR127,Power Inductor 22µH 4.00A Shielded 12.8x12.8mm (Eaton DR127),MyLib_Inductor:L,Inductors,,Power_SMD,22µH,,22µH,±20%,0.0391Ω,4.00A,,7.57A,,,,,,,Ferrite,Shielded,,DR127,MyLib_Inductor_SMD:L_12x12mm_H8mm,DR127,12.8x12.8x5.3mm,12.8mm,12.8mm,5.3mm,,,,SMD,,,-40°C to +125°C,,,,,,1,,,Eaton,DR127-220-R,DR127,,,,,,,,,,,,,,,piece,13,12mm,,USD,,,,1,,,,2026-02-01 03:42:10,,,0,0
,EL-IND-010512,IND_POWER_33uH_3.23A_0R0600_SHIELDED_DR127,Power Inductor 33µH 3.23A Shielded 12.8x12.8mm (Eaton DR127),MyLib_Inductor:L,Inductors,,Power_SMD,33µH,,33µH,±20%,0.0600Ω,3.23A,,6.22A,,,,,,,Ferrite,Shielded,,DR127,MyLib_Inductor_SMD:L_12x12mm_H8mm,DR127,12.8x12.8x5.3mm,12.8mm,12.8mm,5.3mm,,,,SMD,,,-40°C to +125°C,,,,,,1,,,Eaton,DR127-330-R,DR127,,,,,,,,,,,,,,,piece,13,12mm,,USD,,,,1,,,,2026-02-01 03:42:10,,,0,0
,EL-IND-010513,IND_POWER_47uH_2.95A_0R0719_SHIELDED_DR127,Power Inductor 47µH 2.95A Shielded 12.8x12.8mm (Eaton DR127),MyLib_Inductor:L,Inductors,,Power_SMD,47µH,,47µH,±20%,0.0719Ω,2.95A,,5.28A,,,,,,,Ferrite,Shielded,,DR127,MyLib_Inductor_SMD:L_12x12mm_H8mm,DR127,12.8x12.8x5.3mm,12.8mm,12.8mm,5.3mm,,,,SMD,,,-40°C to +125°C,,,,,,1,,,Eaton,DR127-470-R,DR127,,,,,,,,,,,,,,,piece,13,12mm,,USD,,,,1,,,,2026-02-01 03:42:10,,,0,0
,EL-IND-010514,IND_POWER_68uH_2.44A_0R105_SHIELDED_DR127,Power Inductor 68µH 2.44A Shielded 12.8x12.8mm (Eaton DR127),MyLib_Inductor:L,Inductors,,Power_SMD,68µH,,68µH,±20%,0.105Ω,2.44A,,4.44A,,,,,,,Ferrite,Shielded,,DR127,MyLib_Inductor_SMD:L_12x12mm_H8mm,DR127,12.8x12.8x5.3mm,12.8mm,12.8mm,5.3mm,,,,SMD,,,-40°C to +125°C,,,,,,1,,,Eaton,DR127-680-R,DR127,,,,,,,,,,,,,,,piece,13,12mm,,USD,,,,1,,,,2026-02-01 03:42:10,,,0,0
,EL-IND-010515,IND_POWER_82uH_2.09A_0R143_SHIELDED_DR127,Power Inductor 82µH 2.09A Shielded 12.8x12.8mm (Eaton DR127),MyLib_Inductor:L,Inductors,,Power_SMD,82µH,,82µH,±20%,0.143Ω,2.09A,,4.06A,,,,,,,Ferrite,Shielded,,DR127,MyLib_Inductor_SMD:L_12x12mm_H8mm,DR127,12.8x12.8x5.3mm,12.8mm,12.8mm,5.3mm,,,,SMD,,,-40°C to +125°C,,,,,,1,,,Eaton,DR127-820-R,DR127,,,,,,,,,,,,,,,piece,13,12mm,,USD,,,,1,,,,2026-02-01 03:42:10,,,0,0
,EL-IND-010516,IND_POWER_100uH_1.96A_0R163_SHIELDED_DR127,Power Inductor 100µH 1.96A Shielded 12.8x12.8mm (Eaton DR127),MyLib_Inductor:L,Inductors,,Power_SMD,100µH,,100µH,±20%,0.163Ω,1.96A,,3.64A,,,,,,,Ferrite,Shielded,,DR127,MyLib_Inductor_SMD:L_12x12mm_H8mm,DR127,12.8x12.8x5.3mm,12.8mm,12.8mm,5.3mm,,,,SMD,,,-40°C to +125°C,,,,,,1,,,Eaton,DR127-101-R,DR127,,,,,,,,,,,,,,,piece,13,12mm,,USD,,,,1,,,,2026-02-01 03:42:10,,,0,0
,EL-IND-010517,IND_POWER_150uH_1.59A_0R247_SHIELDED_DR127,Power Inductor 150µH 1.59A Shielded 12.8x12.8mm (Eaton DR127),MyLib_Inductor:L,Inductors,,Power_SMD,150µH,,150µH,±20%,0.247Ω,1.59A,,3.01A,,,,,,,Ferrite,Shielded,,DR127,MyLib_Inductor_SMD:L_12x12mm_H8mm,DR127,12.8x12.8x5.3mm,12.8mm,12.8mm,5.3mm,,,,SMD,,,-40°C to +125°C,,,,,,1,,,Eaton,DR127-151-R,DR127,,,,,,,,,,,,,,,piece,13,12mm,,USD,,,,1,,,,2026-02-01 03:42:10,,,0,0
,EL-IND-010518,IND_POWER_220uH_1.29A_0R376_SHIELDED_DR127,Power Inductor 220µH 1.29A Shielded 12.8x12.8mm (Eaton DR127),MyLib_Inductor:L,Inductors,,Power_SMD,220µH,,220µH,±20%,0.376Ω,1.29A,,2.43A,,,,,,,Ferrite,Shielded,,DR127,MyLib_Inductor_SMD:L_12x12mm_H8mm,DR127,12.8x12.8x5.3mm,12.8mm,12.8mm,5.3mm,,,,SMD,,,-40°C to +125°C,,,,,,1,,,Eaton,DR127-221-R,DR127,,,,,,,,,,,,,,,piece,13,12mm,,USD,,,,1,,,,2026-02-01 03:42:10,,,0,0
,EL-IND-010519,IND_POWER_330uH_1.04A_0R574_SHIELDED_DR127,Power Inductor 330µH 1.04A Shielded 12.8x12.8mm (Eaton DR127),MyLib_Inductor:L,Inductors,,Power_SMD,330µH,,330µH,±20%,0.574Ω,1.04A,,2.01A,,,,,,,Ferrite,Shielded,,DR127,MyLib_Inductor_SMD:L_12x12mm_H8mm,DR127,12.8x12.8x5.3mm,12.8mm,12.8mm,5.3mm,,,,SMD,,,-40°C to +125°C,,,,,,1,,,Eaton,DR127-331-R,DR127,,,,,,,,,,,,,,,piece,13,12mm,,USD,,,,1,,,,2026-02-01 03:42:10,,,0,0
,EL-IND-010520,IND_POWER_470uH_0.85A_0R861_SHIELDED_DR127,Power Inductor 470µH 0.85A Shielded 12.8x12.8mm (Eaton DR127),MyLib_Inductor:L,Inductors,,Power_SMD,470µH,,470µH,±20%,0.861Ω,0.85A,,1.68A,,,,,,,Ferrite,Shielded,,DR127,MyLib_Inductor_SMD:L_12x12mm_H8mm,DR127,12.8x12.8x5.3mm,12.8mm,12.8mm,5.3mm,,,,SMD,,,-40°C to +125°C,,,,,,1,,,Eaton,DR127-471-R,DR127,,,,,,,,,,,,,,,piece,13,12mm,,USD,,,,1,,,,2026-02-01 03:42:10,,,0,0
,EL-IND-010521,IND_POWER_680uH_0.76A_1R081_SHIELDED_DR127,Power Inductor 680µH 0.76A Shielded 12.8x12.8mm (Eaton DR127),MyLib_Inductor:L,Inductors,,Power_SMD,680µH,,680µH,±20%,1.081Ω,0.76A,,1.39A,,,,,,,Ferrite,Shielded,,DR127,MyLib_Inductor_SMD:L_12x12mm_H8mm,DR127,12.8x12.8x5.3mm,12.8mm,12.8mm,5.3mm,,,,SMD,,,-40°C to +125°C,,,,,,1,,,Eaton,DR127-681-R,DR127,,,,,,,,,,,,,,,piece,13,12mm,,USD,,,,1,,,,2026-02-01 03:42:10,,,0,0
,EL-IND-010522,IND_POWER_820uH_0.65A_1R471_SHIELDED_DR127,Power Inductor 820µH 0.65A Shielded 12.8x12.8mm (Eaton DR127),MyLib_Inductor:L,Inductors,,Power_SMD,820µH,,820µH,±20%,1.471Ω,0.65A,,1.27A,,,,,,,Ferrite,Shielded,,DR127,MyLib_Inductor_SMD:L_12x12mm_H8mm,DR127,12.8x12.8x5.3mm,12.8mm,12.8mm,5.3mm,,,,SMD,,,-40°C to +125°C,,,,,,1,,,Eaton,DR127-821-R,DR127,,,,,,,,,,,,,,,piece,13,12mm,,USD,,,,1,,,,2026-02-01 03:42:10,,,0,0
,EL-IND-010523,IND_POWER_1000uH_0.61A_1R661_SHIELDED_DR127,Power Inductor 1000µH 0.61A Shielded 12.8x12.8mm (Eaton DR127),MyLib_Inductor:L,Inductors,,Power_SMD,1000µH,,1000µH,±20%,1.661Ω,0.61A,,1.14A,,,,,,,Ferrite,Shielded,,DR127,MyLib_Inductor_SMD:L_12x12mm_H8mm,DR127,12.8x12.8x5.3mm,12.8mm,12.8mm,5.3mm,,,,SMD,,,-40°C to +125°C,,,,,,1,,,Eaton,DR127-102-R,DR127,,,,,,,,,,,,,,,piece,13,12mm,,USD,,,,1,,,,2026-02-01 03:42:10,,,0,0
,EL-IND-040101,IND_CMCHOKE_98nH_0.5A_0R174_250V_0603,Common Mode Choke 98nH 500mA 250VAC 0603 (Coilcraft),MyLib_Inductor:L,Inductors,,Common_Mode,98nH,,98nH,±25%,0.174Ω,0.5A,250VAC,,1.9GHz,,,,,,Ferrite,Unshielded,,0603,MyLib_Inductor_SMD:L_0603,L_0603*,1.6x0.8x0.8mm,1.6mm,0.8mm,0.8mm,,,,SMD,,,-40°C to +85°C,,,,"USB2.0 Data Lines, EMI Filtering",,1,,,Coilcraft,0603USB-142,0603USB,,,,,,,,,,,,,,,piece,,,,USD,,,,1,,"Common_Mode,USB,SMD,0603",,2026-02-01 04:07:52,,,0,0
,EL-IND-040102,IND_CMCHOKE_150nH_0.5A_0R209_250V_0603,Common Mode Choke 150nH 500mA 250VAC 0603 (Coilcraft),MyLib_Inductor:L,Inductors,,Common_Mode,150nH,,150nH,±25%,0.209Ω,0.5A,250VAC,,0.96GHz,,,,,,Ferrite,Unshielded,,0603,MyLib_Inductor_SMD:L_0603,L_0603*,1.6x0.8x0.8mm,1.6mm,0.8mm,0.8mm,,,,SMD,,,-40°C to +85°C,,,,"USB2.0 Data Lines, EMI Filtering",,1,,,Coilcraft,0603USB-222,0603USB,,,,,,,,,,,,,,,piece,,,,USD,,,,1,,"Common_Mode,USB,SMD,0603",,2026-02-01 04:07:52,,,0,0
,EL-IND-040103,IND_CMCHOKE_18nH_0.5A_0R077_250V_0603,Common Mode Choke 18nH 500mA 250VAC 0603 (Coilcraft),MyLib_Inductor:L,Inductors,,Common_Mode,18nH,,18nH,±25%,0.077Ω,0.5A,250VAC,,3.8GHz,,,,,,Ferrite,Unshielded,,0603,MyLib_Inductor_SMD:L_0603,L_0603*,1.6x0.8x0.8mm,1.6mm,0.8mm,0.8mm,,,,SMD,,,-40°C to +85°C,,,,"USB2.0 Data Lines, EMI Filtering",,1,,,Coilcraft,0603USB-251,0603USB,,,,,,,,,,,,,,,piece,,,,USD,,,,1,,"Common_Mode,USB,SMD,0603",,2026-02-01 04:07:52,,,0,0
,EL-IND-040104,IND_CMCHOKE_37nH_0.5A_0R109_250V_0603,Common Mode Choke 37nH 500mA 250VAC 0603 (Coilcraft),MyLib_Inductor:L,Inductors,,Common_Mode,37nH,,37nH,±25%,0.109Ω,0.5A,250VAC,,3.4GHz,,,,,,Ferrite,Unshielded,,0603,MyLib_Inductor_SMD:L_0603,L_0603*,1.6x0.8x0.8mm,1.6mm,0.8mm,0.8mm,,,,SMD,,,-40°C to +85°C,,,,"USB2.0 Data Lines, EMI Filtering",,1,,,Coilcraft,0603USB-601,0603USB,,,,,,,,,,,,,,,piece,,,,USD,,,,1,,"Common_Mode,USB,SMD,0603",,2026-02-01 04:07:52,,,0,0
,EL-IND-040105,IND_CMCHOKE_63nH_0.5A_0R142_250V_0603,Common Mode Choke 63nH 500mA 250VAC 0603 (Coilcraft),MyLib_Inductor:L,Inductors,,Common_Mode,63nH,,63nH,±25%,0.142Ω,0.5A,250VAC,,2.8GHz,,,,,,Ferrite,Unshielded,,0603,MyLib_Inductor_SMD:L_0603,L_0603*,1.6x0.8x0.8mm,1.6mm,0.8mm,0.8mm,,,,SMD,,,-40°C to +85°C,,,,"USB2.0 Data Lines, EMI Filtering",,1,,,Coilcraft,0603USB-951,0603USB,,,,,,,,,,,,,,,piece,,,,USD,,,,1,,"Common_Mode,USB,SMD,0603",,2026-02-01 04:07:52,,,0,0
,EL-IND-040106,IND_CMCHOKE_111nH_0.37A_NA_125V_0603,Common Mode Choke 111nH 370mA 125VDC 0603 (Wurth),MyLib_Inductor:L,Inductors,,Common_Mode,111nH,,111nH,±25%,NA,0.37A,125VDC,,NA,,,,,,Ferrite,Unshielded,,0603,MyLib_Inductor_SMD:L_0603,L_0603*,1.6x0.8x0.8mm,1.6mm,0.8mm,0.8mm,,,,SMD,,,-40°C to +85°C,,,,"USB2.0 Data Lines, EMI Filtering",,1,,,Würth Elektronik,744232090,WE-CNSW,,,,,,,,,,,,,,,piece,,,,USD,,,,1,,"Common_Mode,USB,SMD,0603,Wurth",,2026-02-01 04:07:52,,,0,0
,EL-IND-041101,IND_CMCHOKE_1mH_22A_0R0021_380V_THT,Common Mode Choke 1mH 22A 380VAC THT (Pulse),MyLib_Inductor:L,Inductors,,Common_Mode,1mH,,1mH,±20%,0.0021Ω,22A,380VAC,,,,10.0mm,,,,Ferrite,Shielded,,PH9455,MyLib_Inductor_SMD:L_1206,L_1206*,21.0x19.0x16.0mm,21.0mm,19.0mm,16.0mm,,Through-Hole,,THT,,,-40°C to +125°C,,,,"Power Line Filtering, EMI Suppression",,1,,,Pulse Electronics,PH9455x105NL,PH9455,,,,,,,,,,,,,,,piece,,,,USD,,,,1,,"Common_Mode,High_Current,THT,Power",,2026-02-01 04:07:52,,,0,0
,EL-IND-041102,IND_CMCHOKE_1.62mH_19A_0R0032_380V_THT,Common Mode Choke 1.62mH 19A 380VAC THT (Pulse),MyLib_Inductor:L,Inductors,,Common_Mode,1.62mH,,1.62mH,±20%,0.0032Ω,19A,380VAC,,,,10.0mm,,,,Ferrite,Shielded,,PH9455,,,21.0x19.0x16.0mm,21.0mm,19.0mm,16.0mm,,Through-Hole,,THT,,,-40°C to +125°C,,,,"Power Line Filtering, EMI Suppression",,1,,,Pulse Electronics,PH9455x155NL,PH9455,,,,,,,,,,,,,,,piece,,,,USD,,,,1,,"Common_Mode,High_Current,THT,Power",,2026-02-01 04:07:52,,,0,0
,EL-IND-041103,IND_CMCHOKE_15mH_6A_0R030_380V_THT,Common Mode Choke 15mH 6A 380VAC THT (Pulse),MyLib_Inductor:L,Inductors,,Common_Mode,15mH,,15mH,±20%,0.030Ω,6A,380VAC,,,,10.0mm,,,,Ferrite,Shielded,,PH9455,,,21.0x19.0x16.0mm,21.0mm,19.0mm,16.0mm,,Through-Hole,,THT,,,-40°C to +125°C,,,,"Power Line Filtering, EMI Suppression",,1,,,Pulse Electronics,PH9455x156NL,PH9455,,,,,,,,,,,,,,,piece,,,,USD,,,,1,,"Common_Mode,High_Current,THT,Power",,2026-02-01 04:07:52,,,0,0
,EL-IND-041104,IND_CMCHOKE_2.2mH_16A_0R0045_380V_THT,Common Mode Choke 2.2mH 16A 380VAC THT (Pulse),MyLib_Inductor:L,Inductors,,Common_Mode,2.2mH,,2.2mH,±20%,0.0045Ω,16A,380VAC,,,,10.0mm,,,,Ferrite,Shielded,,PH9455,,,21.0x19.0x16.0mm,21.0mm,19.0mm,16.0mm,,Through-Hole,,THT,,,-40°C to +125°C,,,,"Power Line Filtering, EMI Suppression",,1,,,Pulse Electronics,PH9455x205NL,PH9455,,,,,,,,,,,,,,,piece,,,,USD,,,,1,,"Common_Mode,High_Current,THT,Power",,2026-02-01 04:07:52,,,0,0
,EL-IND-041105,IND_CMCHOKE_35mH_4A_0R080_380V_THT,Common Mode Choke 35mH 4A 380VAC THT (Pulse),MyLib_Inductor:L,Inductors,,Common_Mode,35mH,,35mH,±20%,0.080Ω,4A,380VAC,,,,10.0mm,,,,Ferrite,Shielded,,PH9455,,,21.0x19.0x16.0mm,21.0mm,19.0mm,16.0mm,,Through-Hole,,THT,,,-40°C to +125°C,,,,"Power Line Filtering, EMI Suppression",,1,,,Pulse Electronics,PH9455x356NL,PH9455,,,,,,,,,,,,,,,piece,,,,USD,,,,1,,"Common_Mode,High_Current,THT,Power",,2026-02-01 04:07:52,,,0,0
,EL-IND-041106,IND_CMCHOKE_4.5mH_12A_0R0085_380V_THT,Common Mode Choke 4.5mH 12A 380VAC THT (Pulse),MyLib_Inductor:L,Inductors,,Common_Mode,4.5mH,,4.5mH,±20%,0.0085Ω,12A,380VAC,,,,10.0mm,,,,Ferrite,Shielded,,PH9455,,,21.0x19.0x16.0mm,21.0mm,19.0mm,16.0mm,,Through-Hole,,THT,,,-40°C to +125°C,,,,"Power Line Filtering, EMI Suppression",,1,,,Pulse Electronics,PH9455x405NL,PH9455,,,,,,,,,,,,,,,piece,,,,USD,,,,1,,"Common_Mode,High_Current,THT,Power",,2026-02-01 04:07:52,,,0,0
,EL-IND-041107,IND_CMCHOKE_6.5mH_9A_0R014_380V_THT,Common Mode Choke 6.5mH 9A 380VAC THT (Pulse),MyLib_Inductor:L,Inductors,,Common_Mode,6.5mH,,6.5mH,±20%,0.014Ω,9A,380VAC,,,,10.0mm,,,,Ferrite,Shielded,,PH9455,,,21.0x19.0x16.0mm,21.0mm,19.0mm,16.0mm,,Through-Hole,,THT,,,-40°C to +125°C,,,,"Power Line Filtering, EMI Suppression",,1,,,Pulse Electronics,PH9455x705NL,PH9455,,,,,,,,,,,,,,,piece,,,,USD,,,,1,,"Common_Mode,High_Current,THT,Power",,2026-02-01 04:07:52,,,0,0
,EL-IND-041108,IND_CMCHOKE_82mH_3A_0R150_380V_THT,Common Mode Choke 82mH 3A 380VAC THT (Pulse),MyLib_Inductor:L,Inductors,,Common_Mode,82mH,,82mH,±20%,0.150Ω,3A,380VAC,,,,10.0mm,,,,Ferrite,Shielded,,PH9455,,,21.0x19.0x16.0mm,21.0mm,19.0mm,16.0mm,,Through-Hole,,THT,,,-40°C to +125°C,,,,"Power Line Filtering, EMI Suppression",,1,,,Pulse Electronics,PH9455x826NL,PH9455,,,,,,,,,,,,,,,piece,,,,USD,,,,1,,"Common_Mode,High_Current,THT,Power",,2026-02-01 04:07:52,,,0,0
,EL-IND-041201,IND_CMCHOKE_12mH_0.3A_11R_300V_THT,Common Mode Choke 12mH 300mA 300VAC THT (Schaffner),MyLib_Inductor:L,Inductors,,Common_Mode,12mH,,12mH,±20%,11Ω,0.3A,300VAC,,,,7.5mm,,,,Ferrite,Shielded,,RN102,,,18.0x14.0x13.0mm,18.0mm,14.0mm,13.0mm,,Through-Hole,,THT,,,-40°C to +85°C,,,,"Power Line Filtering, EMI Suppression",,1,,,Schaffner,RN102-0.3-02-12M,RN102,,,,,,,,,,,,,,,piece,,,,USD,,,,1,,"Common_Mode,THT,Power_Filter",,2026-02-01 04:07:52,,,0,0
,EL-IND-041202,IND_CMCHOKE_22mH_0.3A_13R_300V_THT,Common Mode Choke 22mH 300mA 300VAC THT (Schaffner),MyLib_Inductor:L,Inductors,,Common_Mode,22mH,,22mH,±20%,13Ω,0.3A,300VAC,,,,7.5mm,,,,Ferrite,Shielded,,RN102,,,18.0x14.0x13.0mm,18.0mm,14.0mm,13.0mm,,Through-Hole,,THT,,,-40°C to +85°C,,,,"Power Line Filtering, EMI Suppression",,1,,,Schaffner,RN102-0.3-02-22M,RN102,,,,,,,,,,,,,,,piece,,,,USD,,,,1,,"Common_Mode,THT,Power_Filter",,2026-02-01 04:07:52,,,0,0
,EL-IND-041203,IND_CMCHOKE_4.4mH_0.6A_0R380_300V_THT,Common Mode Choke 4.4mH 600mA 300VAC THT (Schaffner),MyLib_Inductor:L,Inductors,,Common_Mode,4.4mH,,4.4mH,±20%,0.380Ω,0.6A,300VAC,,,,7.5mm,,,,Ferrite,Shielded,,RN102,,,18.0x14.0x13.0mm,18.0mm,14.0mm,13.0mm,,Through-Hole,,THT,,,-40°C to +85°C,,,,"Power Line Filtering, EMI Suppression",,1,,,Schaffner,RN102-0.6-02-4M4,RN102,,,,,,,,,,,,,,,piece,,,,USD,,,,1,,"Common_Mode,THT,Power_Filter",,2026-02-01 04:07:52,,,0,0
,EL-IND-041204,IND_CMCHOKE_3mH_1A_0R210_300V_THT,Common Mode Choke 3mH 1A 300VAC THT (Schaffner),MyLib_Inductor:L,Inductors,,Common_Mode,3mH,,3mH,±20%,0.210Ω,1A,300VAC,,,,7.5mm,,,,Ferrite,Shielded,,RN102,,,18.0x14.0x13.0mm,18.0mm,14.0mm,13.0mm,,Through-Hole,,THT,,,-40°C to +85°C,,,,"Power Line Filtering, EMI Suppression",,1,,,Schaffner,RN102-1-02-3MO,RN102,,,,,,,,,,,,,,,piece,,,,USD,,,,1,,"Common_Mode,THT,Power_Filter",,2026-02-01 04:07:52,,,0,0
,EL-IND-041205,IND_CMCHOKE_1.6mH_1.5A_0R094_300V_THT,Common Mode Choke 1.6mH 1.5A 300VAC THT (Schaffner),MyLib_Inductor:L,Inductors,,Common_Mode,1.6mH,,1.6mH,±20%,0.094Ω,1.5A,300VAC,,,,7.5mm,,,,Ferrite,Shielded,,RN102,,,18.0x14.0x13.0mm,18.0mm,14.0mm,13.0mm,,Through-Hole,,THT,,,-40°C to +85°C,,,,"Power Line Filtering, EMI Suppression",,1,,,Schaffner,RN102-1.5-02-1M6,RN102,,,,,,,,,,,,,,,piece,,,,USD,,,,1,,"Common_Mode,THT,Power_Filter",,2026-02-01 04:07:52,,,0,0
,EL-IND-041206,IND_CMCHOKE_1.1mH_2A_0R070_300V_THT,Common Mode Choke 1.1mH 2A 300VAC THT (Schaffner),MyLib_Inductor:L,Inductors,,Common_Mode,1.1mH,,1.1mH,±20%,0.070Ω,2A,300VAC,,,,7.5mm,,,,Ferrite,Shielded,,RN102,MyLib_Inductor_SMD:L_1206,L_1206*,18.0x14.0x13.0mm,18.0mm,14.0mm,13.0mm,,Through-Hole,,THT,,,-40°C to +85°C,,,,"Power Line Filtering, EMI Suppression",,1,,,Schaffner,RN102-2-02-1M1,RN102,,,,,,,,,,,,,,,piece,,,,USD,,,,1,,"Common_Mode,THT,Power_Filter",,2026-02-01 04:07:52,,,0,0
,EL-IND-010701,IND_POWER_1uH_5.5A_0R015_SHIELDED_PG0075,Power Inductor 1µH 5.5A Shielded 7.5x7.5mm (Pulse PG),MyLib_Inductor:L,Inductors,,Power_SMD,1µH,,1µH,±20%,0.015Ω,5.5A,,7.0A,,,,,,,Ferrite,Shielded,,PG0075,MyLib_Inductor_SMD:L_7.3x7.3_H3.5,7.5x7.5,7.5x7.5x4.5mm,7.5mm,7.5mm,4.5mm,,,,SMD,,,-40°C to +125°C,,,,DC-DC Converters,,1,,,Pulse Electronics,PG0075NL,PG,,,,,,,,,,,,,,,piece,,,,USD,,,,1,,,,2026-02-01 04:23:58,,,0,0
,EL-IND-010702,IND_POWER_2.2uH_4.0A_0R028_SHIELDED_PG0075,Power Inductor 2.2µH 4.0A Shielded 7.5x7.5mm (Pulse PG),MyLib_Inductor:L,Inductors,,Power_SMD,2.2µH,,2.2µH,±20%,0.028Ω,4.0A,,5.5A,,,,,,,Ferrite,Shielded,,PG0075,MyLib_Inductor_SMD:L_7.3x7.3_H3.5,7.5x7.5,7.5x7.5x4.5mm,7.5mm,7.5mm,4.5mm,,,,SMD,,,-40°C to +125°C,,,,DC-DC Converters,,1,,,Pulse Electronics,PG0075-222K,PG,,,,,,,,,,,,,,,piece,,,,USD,,,,1,,,,2026-02-01 04:23:58,,,0,0
,EL-IND-010703,IND_POWER_4.7uH_3.0A_0R055_SHIELDED_PG0075,Power Inductor 4.7µH 3.0A Shielded 7.5x7.5mm (Pulse PG),MyLib_Inductor:L,Inductors,,Power_SMD,4.7µH,,4.7µH,±20%,0.055Ω,3.0A,,4.0A,,,,,,,Ferrite,Shielded,,PG0075,MyLib_Inductor_SMD:L_7.3x7.3_H3.5,7.5x7.5,7.5x7.5x4.5mm,7.5mm,7.5mm,4.5mm,,,,SMD,,,-40°C to +125°C,,,,DC-DC Converters,,1,,,Pulse Electronics,PG0075-472K,PG,,,,,,,,,,,,,,,piece,,,,USD,,,,1,,,,2026-02-01 04:23:58,,,0,0
,EL-IND-010704,IND_POWER_10uH_2.2A_0R120_SHIELDED_PG0101,Power Inductor 10µH 2.2A Shielded 10x10mm (Pulse PG),MyLib_Inductor:L,Inductors,,Power_SMD,10µH,,10µH,±20%,0.120Ω,2.2A,,3.0A,,,,,,,Ferrite,Shielded,,PG0101,MyLib_Inductor_SMD:L_10.4x10.4_H4.8,10x10,10.0x10.0x5.0mm,10.0mm,10.0mm,5.0mm,,,,SMD,,,-40°C to +125°C,,,,DC-DC Converters,,1,,,Pulse Electronics,PG0101-103K,PG,,,,,,,,,,,,,,,piece,,,,USD,,,,1,,,,2026-02-01 04:23:58,,,0,0
,EL-IND-010705,IND_POWER_22uH_1.5A_0R220_SHIELDED_PG0101,Power Inductor 22µH 1.5A Shielded 10x10mm (Pulse PG),MyLib_Inductor:L,Inductors,,Power_SMD,22µH,,22µH,±20%,0.220Ω,1.5A,,2.0A,,,,,,,Ferrite,Shielded,,PG0101,MyLib_Inductor_SMD:L_10.4x10.4_H4.8,10x10,10.0x10.0x5.0mm,10.0mm,10.0mm,5.0mm,,,,SMD,,,-40°C to +125°C,,,,DC-DC Converters,,1,,,Pulse Electronics,PG0101-223K,PG,,,,,,,,,,,,,,,piece,,,,USD,,,,1,,,,2026-02-01 04:23:58,,,0,0
,EL-IND-010801,IND_POWER_1uH_8.5A_0R008_SHIELDED_WE-PD,Power Inductor 1µH 8.5A Shielded 7.8x7.8mm (Würth WE-PD),MyLib_Inductor:L,Inductors,,Power_SMD,1µH,,1µH,±20%,0.008Ω,8.5A,,10.0A,,,,,,,Ferrite,Shielded,,WE-PD,MyLib_Inductor_SMD:L_Wuerth_WE-PD-Typ-M-Typ-S,7.8x7.8,7.8x7.8x4.5mm,7.8mm,7.8mm,4.5mm,,,,SMD,,,-40°C to +125°C,,,,High Current DC-DC Converters,,1,,,Würth Elektronik,74437324010,WE-PD,,,,,,,,,,,,,,,piece,,,,USD,,,,1,,,,2026-02-01 04:23:58,,,0,0
,EL-IND-010802,IND_POWER_2.2uH_6.0A_0R015_SHIELDED_WE-PD,Power Inductor 2.2µH 6.0A Shielded 7.8x7.8mm (Würth WE-PD),MyLib_Inductor:L,Inductors,,Power_SMD,2.2µH,,2.2µH,±20%,0.015Ω,6.0A,,8.0A,,,,,,,Ferrite,Shielded,,WE-PD,MyLib_Inductor_SMD:L_Wuerth_WE-PD-Typ-M-Typ-S,7.8x7.8,7.8x7.8x4.5mm,7.8mm,7.8mm,4.5mm,,,,SMD,,,-40°C to +125°C,,,,High Current DC-DC Converters,,1,,,Würth Elektronik,74437322010,WE-PD,,,,,,,,,,,,,,,piece,,,,USD,,,,1,,,,2026-02-01 04:23:58,,,0,0
,EL-IND-010803,IND_POWER_4.7uH_4.5A_0R025_SHIELDED_WE-PD,Power Inductor 4.7µH 4.5A Shielded 7.8x7.8mm (Würth WE-PD),MyLib_Inductor:L,Inductors,,Power_SMD,4.7µH,,4.7µH,±20%,0.025Ω,4.5A,,6.5A,,,,,,,Ferrite,Shielded,,WE-PD,MyLib_Inductor_SMD:L_Wuerth_WE-PD-Typ-M-Typ-S,7.8x7.8,7.8x7.8x4.5mm,7.8mm,7.8mm,4.5mm,,,,SMD,,,-40°C to +125°C,,,,High Current DC-DC Converters,,1,,,Würth Elektronik,74437324710,WE-PD,,,,,,,,,,,,,,,piece,,,,USD,,,,1,,,,2026-02-01 04:23:58,,,0,0
,EL-IND-010804,IND_POWER_10uH_3.2A_0R045_SHIELDED_WE-PD2,Power Inductor 10µH 3.2A Shielded 10x10mm (Würth WE-PD2),MyLib_Inductor:L,Inductors,,Power_SMD,10µH,,10µH,±20%,0.045Ω,3.2A,,4.5A,,,,,,,Ferrite,Shielded,,WE-PD2,MyLib_Inductor_SMD:L_Wuerth_WE-PD2-Typ-MS,10x10,10.0x10.0x5.5mm,10.0mm,10.0mm,5.5mm,,,,SMD,,,-40°C to +125°C,,,,High Current DC-DC Converters,,1,,,Würth Elektronik,7443734100,WE-PD2,,,,,,,,,,,,,,,piece,,,,USD,,,,1,,,,2026-02-01 04:23:58,,,0,0
,EL-IND-010805,IND_POWER_22uH_2.2A_0R085_SHIELDED_WE-PD2,Power Inductor 22µH 2.2A Shielded 10x10mm (Würth WE-PD2),MyLib_Inductor:L,Inductors,,Power_SMD,22µH,,22µH,±20%,0.085Ω,2.2A,,3.0A,,,,,,,Ferrite,Shielded,,WE-PD2,MyLib_Inductor_SMD:L_Wuerth_WE-PD2-Typ-MS,10x10,10.0x10.0x5.5mm,10.0mm,10.0mm,5.5mm,,,,SMD,,,-40°C to +125°C,,,,High Current DC-DC Converters,,1,,,Würth Elektronik,7443734220,WE-PD2,,,,,,,,,,,,,,,piece,,,,USD,,,,1,,,,2026-02-01 04:23:58,,,0,0
,EL-IND-020101,IND_TOROID_10uH_2.5A_0R035_WE-TOR,Toroidal Inductor 10µH 2.5A THT (Würth WE-TOR),MyLib_Inductor:L,Inductors,,Toroidal,10µH,,10µH,±10%,0.035Ω,2.5A,,3.5A,,,5.0mm,Toroid,,Wire Wound,Ferrite,Unshielded,,WE-TOR,MyLib_Inductor_SMD:L_Wuerth_WE-TOR,THT_Toroid,13.0x13.0x7.5mm,13.0mm,13.0mm,7.5mm,,Tinned Wire,,THT,,,-40°C to +125°C,,,,"Filters, Resonant Circuits",,1,,,Würth Elektronik,74487410,WE-TOR,,,,,,,,,,,,,,,piece,,,,USD,,,,1,,,,2026-02-01 04:23:58,,,0,0
,EL-IND-020102,IND_TOROID_22uH_1.8A_0R080_WE-TOR,Toroidal Inductor 22µH 1.8A THT (Würth WE-TOR),MyLib_Inductor:L,Inductors,,Toroidal,22µH,,22µH,±10%,0.080Ω,1.8A,,2.5A,,,5.0mm,Toroid,,Wire Wound,Ferrite,Unshielded,,WE-TOR,MyLib_Inductor_SMD:L_Wuerth_WE-TOR,THT_Toroid,13.0x13.0x7.5mm,13.0mm,13.0mm,7.5mm,,Tinned Wire,,THT,,,-40°C to +125°C,,,,"Filters, Resonant Circuits",,1,,,Würth Elektronik,74487422,WE-TOR,,,,,,,,,,,,,,,piece,,,,USD,,,,1,,,,2026-02-01 04:23:58,,,0,0
,EL-IND-020103,IND_TOROID_47uH_1.2A_0R150_WE-TOR,Toroidal Inductor 47µH 1.2A THT (Würth WE-TOR),MyLib_Inductor:L,Inductors,,Toroidal,47µH,,47µH,±10%,0.150Ω,1.2A,,1.8A,,,5.0mm,Toroid,,Wire Wound,Ferrite,Unshielded,,WE-TOR,MyLib_Inductor_SMD:L_Wuerth_WE-TOR,THT_Toroid,13.0x13.0x7.5mm,13.0mm,13.0mm,7.5mm,,Tinned Wire,,THT,,,-40°C to +125°C,,,,"Filters, Resonant Circuits",,1,,,Würth Elektronik,74487447,WE-TOR,,,,,,,,,,,,,,,piece,,,,USD,,,,1,,,,2026-02-01 04:23:58,,,0,0
,EL-IND-020104,IND_TOROID_100uH_0.8A_0R300_WE-TOR,Toroidal Inductor 100µH 0.8A THT (Würth WE-TOR),MyLib_Inductor:L,Inductors,,Toroidal,100µH,,100µH,±10%,0.300Ω,0.8A,,1.2A,,,5.0mm,Toroid,,Wire Wound,Ferrite,Unshielded,,WE-TOR,MyLib_Inductor_SMD:L_Wuerth_WE-TOR,THT_Toroid,13.0x13.0x7.5mm,13.0mm,13.0mm,7.5mm,,Tinned Wire,,THT,,,-40°C to +125°C,,,,"Filters, Resonant Circuits",,1,,,Würth Elektronik,744874100,WE-TOR,,,,,,,,,,,,,,,piece,,,,USD,,,,1,,,,2026-02-01 04:23:58,,,0,0
,EL-IND-020105,IND_TOROID_220uH_0.5A_0R700_WE-TOR,Toroidal Inductor 220µH 0.5A THT (Würth WE-TOR),MyLib_Inductor:L,Inductors,,Toroidal,220µH,,220µH,±10%,0.700Ω,0.5A,,0.8A,,,5.0mm,Toroid,,Wire Wound,Ferrite,Unshielded,,WE-TOR,MyLib_Inductor_SMD:L_Wuerth_WE-TOR,THT_Toroid,13.0x13.0x7.5mm,13.0mm,13.0mm,7.5mm,,Tinned Wire,,THT,,,-40°C to +125°C,,,,"Filters, Resonant Circuits",,1,,,Würth Elektronik,744874220,WE-TOR,,,,,,,,,,,,,,,piece,,,,USD,,,,1,,,,2026-02-01 04:23:58,,,0,0
,EL-IND-030101,IND_RF_1nH_500mA_0R025_Q40_WE-MK,RF Inductor 1nH 500mA 0402 High-Q (Würth WE-MK),MyLib_Inductor:L,Inductors,,RF,1nH,,1nH,±0.3nH,0.025Ω,500mA,,,10GHz,40,,,100MHz,Multilayer,Ceramic,Non-Shielded,,0402,MyLib_Inductor_SMD:L_Wuerth_WE-MK,0402,1.0x0.5x0.5mm,1.0mm,0.5mm,0.5mm,,,,SMD,,,-40°C to +85°C,,,,"RF Circuits, Matching Networks",,1,,,Würth Elektronik,7447711,WE-MK,,,,,,,,,,,,,,,piece,,,,USD,,,,1,,,,2026-02-01 04:23:58,,,0,0
,EL-IND-030102,IND_RF_2.2nH_450mA_0R035_Q45_WE-MK,RF Inductor 2.2nH 450mA 0402 High-Q (Würth WE-MK),MyLib_Inductor:L,Inductors,,RF,2.2nH,,2.2nH,±0.3nH,0.035Ω,450mA,,,8GHz,45,,,100MHz,Multilayer,Ceramic,Non-Shielded,,0402,MyLib_Inductor_SMD:L_Wuerth_WE-MK,0402,1.0x0.5x0.5mm,1.0mm,0.5mm,0.5mm,,,,SMD,,,-40°C to +85°C,,,,"RF Circuits, Matching Networks",,1,,,Würth Elektronik,7447712,WE-MK,,,,,,,,,,,,,,,piece,,,,USD,,,,1,,,,2026-02-01 04:23:58,,,0,0
,EL-IND-030103,IND_RF_4.7nH_400mA_0R045_Q50_WE-MK,RF Inductor 4.7nH 400mA 0402 High-Q (Würth WE-MK),MyLib_Inductor:L,Inductors,,RF,4.7nH,,4.7nH,±0.3nH,0.045Ω,400mA,,,6GHz,50,,,100MHz,Multilayer,Ceramic,Non-Shielded,,0402,MyLib_Inductor_SMD:L_Wuerth_WE-MK,0402,1.0x0.5x0.5mm,1.0mm,0.5mm,0.5mm,,,,SMD,,,-40°C to +85°C,,,,"RF Circuits, Matching Networks",,1,,,Würth Elektronik,7447714,WE-MK,,,,,,,,,,,,,,,piece,,,,USD,,,,1,,,,2026-02-01 04:23:58,,,0,0
,EL-IND-030104,IND_RF_10nH_350mA_0R065_Q55_WE-MK,RF Inductor 10nH 350mA 0402 High-Q (Würth WE-MK),MyLib_Inductor:L,Inductors,,RF,10nH,,10nH,±0.5nH,0.065Ω,350mA,,,4GHz,55,,,100MHz,Multilayer,Ceramic,Non-Shielded,,0402,MyLib_Inductor_SMD:L_Wuerth_WE-MK,0402,1.0x0.5x0.5mm,1.0mm,0.5mm,0.5mm,,,,SMD,,,-40°C to +85°C,,,,"RF Circuits, Matching Networks",,1,,,Würth Elektronik,74477110,WE-MK,,,,,,,,,,,,,,,piece,,,,USD,,,,1,,,,2026-02-01 04:23:58,,,0,0
,EL-IND-030105,IND_RF_22nH_300mA_0R095_Q60_WE-MK,RF Inductor 22nH 300mA 0402 High-Q (Würth WE-MK),MyLib_Inductor:L,Inductors,,RF,22nH,,22nH,±0.5nH,0.095Ω,300mA,,,2.5GHz,60,,,100MHz,Multilayer,Ceramic,Non-Shielded,,0402,MyLib_Inductor_SMD:L_Wuerth_WE-MK,0402,1.0x0.5x0.5mm,1.0mm,0.5mm,0.5mm,,,,SMD,,,-40°C to +85°C,,,,"RF Circuits, Matching Networks",,1,,,Würth Elektronik,74477122,WE-MK,,,,,,,,,,,,,,,piece,,,,USD,,,,1,,,,2026-02-01 04:23:58,,,0,0
,EL-IND-070101,IND_CHOKE_10mH_0.2A_2R5_FERRITE_PA,Choke 10mH 200mA Ferrite Bobbin (Pulse PA),MyLib_Inductor:L,Inductors,,Choke,10mH,,10mH,±20%,2.5Ω,0.2A,,0.3A,,,5.0mm,Bobbin,,Wire Wound,Ferrite,Unshielded,Single,PA,MyLib_Inductor_SMD:L_1210,THT_Choke,12.0x12.0x10.0mm,12.0mm,12.0mm,10.0mm,,Tinned Wire,,THT,,,-40°C to +85°C,,,,"Switching Power Supplies, Filters",,1,,,Pulse Electronics,PA0370NL,PA,,,,,,,,,,,,,,,piece,,,,USD,,,,1,,,,2026-02-01 04:23:58,,,0,0
,EL-IND-070102,IND_CHOKE_1mH_1A_0R3_FERRITE_PA,Choke 1mH 1A Ferrite Bobbin (Pulse PA),MyLib_Inductor:L,Inductors,,Choke,1mH,,1mH,±20%,0.3Ω,1A,,1.5A,,,5.0mm,Bobbin,,Wire Wound,Ferrite,Unshielded,Single,PA,MyLib_Inductor_SMD:L_1206,THT_Choke,12.0x12.0x10.0mm,12.0mm,12.0mm,10.0mm,,Tinned Wire,,THT,,,-40°C to +85°C,,,,"Switching Power Supplies, Filters",,1,,,Pulse Electronics,PA0371NL,PA,,,,,,,,,,,,,,,piece,,,,USD,,,,1,,,,2026-02-01 04:23:58,,,0,0
,EL-IND-070103,IND_CHOKE_100uH_2A_0R05_FERRITE_PA,Choke 100µH 2A Ferrite Bobbin (Pulse PA),MyLib_Inductor:L,Inductors,,Choke,100µH,,100µH,±20%,0.05Ω,2A,,3A,,,5.0mm,Bobbin,,Wire Wound,Ferrite,Unshielded,Single,PA,MyLib_Inductor_SMD:L_0805,THT_Choke,12.0x12.0x10.0mm,12.0mm,12.0mm,10.0mm,,Tinned Wire,,THT,,,-40°C to +85°C,,,,"Switching Power Supplies, Filters",,1,,,Pulse Electronics,PA0372NL,PA,,,,,,,,,,,,,,,piece,,,,USD,,,,1,,,,2026-02-01 04:23:58,,,0,0
,EL-IND-070104,IND_CHOKE_470uH_1.5A_0R12_FERRITE_PA,Choke 470µH 1.5A Ferrite Bobbin (Pulse PA),MyLib_Inductor:L,Inductors,,Choke,470µH,,470µH,±20%,0.12Ω,1.5A,,2.2A,,,5.0mm,Bobbin,,Wire Wound,Ferrite,Unshielded,Single,PA,MyLib_Inductor_SMD:L_1206,THT_Choke,12.0x12.0x10.0mm,12.0mm,12.0mm,10.0mm,,Tinned Wire,,THT,,,-40°C to +85°C,,,,"Switching Power Supplies, Filters",,1,,,Pulse Electronics,PA0373NL,PA,,,,,,,,,,,,,,,piece,,,,USD,,,,1,,,,2026-02-01 04:23:58,,,0,0
,EL-IND-070105,IND_CHOKE_22uH_3A_0R02_FERRITE_PA,Choke 22µH 3A Ferrite Bobbin (Pulse PA),MyLib_Inductor:L,Inductors,,Choke,22µH,,22µH,±20%,0.02Ω,3A,,4.5A,,,5.0mm,Bobbin,,Wire Wound,Ferrite,Unshielded,Single,PA,MyLib_Inductor_SMD:L_0805,THT_Choke,12.0x12.0x10.0mm,12.0mm,12.0mm,10.0mm,,Tinned Wire,,THT,,,-40°C to +85°C,,,,"Switching Power Supplies, Filters",,1,,,Pulse Electronics,PA0374NL,PA,,,,,,,,,,,,,,,piece,,,,USD,,,,1,,,,2026-02-01 04:23:58,,,0,0
